id,height,weight,bmi,old,female,male
0,176,65,20.983987603305785,38,0,1
1,162,43,16.384697454656294,25,1,0
2,183,76,22.69401893158948,24,0,1
3,157,48,19.473406629072173,26,1,0
4,174,58,19.15708812260536,22,0,1
5,156,47,19.312952005259696,27,1,0
6,178,64,20.199469763918696,21,0,1
7,163,57,21.453573713726524,26,1,0
8,163,49,18.442545824080696,22,1,0
9,163,56,21.0771952275208,27,1,0
10,175,57,18.612244897959183,28,0,1
11,1565,48,0.19598036113464465,34,1,0
12,187,80,22.87740570219337,40,0,1
13,171,64,21.88707636537739,20,0,1
14,176,76,24.535123966942148,34,0,1
15,160,48,18.75,29,1,0
16,172,56,18.929150892374263,35,0,1
17,169,58,20.307412205454995,39,1,0
18,172,57,19.2671714440238,27,0,1
19,152,39,16.880193905817176,24,1,0
20,170,57,19.723183391003467,28,0,1
21,157,45,18.25631871475516,40,1,0
22,160,47,18.359375,28,1,0
23,156,48,19.72386587771203,28,1,0
24,167,51,18.286779733945288,39,1,0
25,168,55,19.486961451247172,35,1,0
26,159,49,19.382144693643447,38,1,0
27,161,46,17.74622892635315,36,1,0
28,161,52,20.060954438486167,29,1,0
29,158,49,19.62826470116968,32,1,0
30,160,52,20.3125,31,1,0
31,156,47,19.312952005259696,28,1,0
32,164,52,19.33372992266508,23,1,0
33,161,54,20.83252960919717,30,1,0
34,152,73,31.596260387811636,28,1,0
35,171,66,22.57104750179543,29,0,1
36,175,70,22.857142857142854,36,0,1
37,174,62,20.478266613819528,28,0,1
38,175,70,22.857142857142854,35,0,1
39,176,65,20.983987603305785,20,0,1
40,169,61,21.35779559539232,22,0,1
41,174,50,16.514731140177034,30,0,1
42,165,54,19.834710743801654,30,0,1
43,180,65,20.061728395061728,39,0,1
44,1776,64,0.20290560831101367,34,0,1
45,156,576,236.68639053254435,27,1,0
46,172,78,26.36560302866415,40,0,1
47,170,535,185.121107266436,26,0,1
48,178,55,17.35891932836763,26,0,1
49,175,70,22.857142857142854,29,0,1
50,180,64,19.753086419753085,31,0,1
51,162,54,20.576131687242796,25,1,0
52,156,49,20.134779750164363,22,1,0
53,158,46,18.42653420926133,25,1,0
54,160,56,21.875,21,1,0
55,180,62,19.1358024691358,29,0,1
56,175,77,25.142857142857146,30,0,1
57,162,55,20.957171162932475,38,1,0
58,172,65,21.97133585722012,33,0,1
59,167,50,17.92821542543655,24,1,0
60,183,62,18.513541759980885,37,0,1
61,169,57,19.95728440880922,23,0,1
62,182,65,19.623233908948194,24,0,1
63,173,56,18.710949246550168,37,0,1
64,169,64,22.40817898532965,38,0,1
65,164,59,21.936347412254616,38,0,1
66,179,74,23.095409007209515,36,0,1
67,175,80,26.12244897959184,33,0,1
68,183,70,20.902385858042933,35,0,1
69,175,58,18.938775510204078,23,0,1
70,167,51,18.286779733945288,27,1,0
71,168,53,18.778344671201822,27,1,0
72,159,51,20.17325264032277,24,1,0
73,1642,51,0.1891576328442928,24,1,0
74,156,47,19.312952005259696,24,0,1
75,156,23,9.45101906640368,16,1,0
76,171,55,18.809206251496192,23,0,1
77,163,475,178.77978094772104,37,1,0
78,160,40,15.624999999999995,25,1,0
79,150,37,16.444444444444443,15,0,1
80,162,48,18.289894833104707,23,1,0
81,169,47,16.45600644235146,20,1,0
82,162,49,18.670934308794386,19,1,0
83,158,48,19.227687870533565,21,1,0
84,152,48,20.775623268698066,22,1,0
85,170,51,17.647058823529417,40,1,0
86,156,45,18.491124260355033,26,1,0
87,158,48,19.227687870533565,26,1,0
88,161,60,23.147255121330193,22,1,0
89,148,40,18.26150474799124,23,1,0
90,162,56,21.33821063862216,22,1,0
91,172,55,18.591130340724717,29,0,1
92,161,51,19.675166853130666,22,1,0
93,178,68,21.461936624163613,31,0,1
94,173,65,21.718066089745733,27,0,1
95,171,102,34.882527957320214,33,0,1
96,166,50,18.144868631151112,31,0,1
97,1765,47,0.15087192738887242,20,0,1
98,157,49,19.87910260051117,28,1,0
99,152,52,22.506925207756233,23,1,0
100,170,60,20.76124567474049,31,0,1
101,154,40,16.866250632484398,16,1,0
102,158,44,17.625380547989106,28,1,0
103,167,57,20.438165584997673,26,1,0
104,163,52,19.571681282697877,28,1,0
105,174,64,21.13885585942661,26,0,1
106,169,52,18.20664542558034,21,0,1
107,172,60,20.281233098972415,24,0,1
108,174,56,18.49649887699828,22,0,1
109,162,54,20.576131687242796,31,0,1
110,162,39,14.860539551897574,15,0,1
111,153,372,158.91323849801358,15,0,1
112,174,63,20.808561236623067,30,0,1
113,168,56,19.841269841269842,29,1,0
114,167,60,21.513858510523864,32,0,1
115,165,48,17.63085399449036,30,1,0
116,170,55,19.031141868512112,27,0,1
117,157,45,18.25631871475516,26,1,0
118,173,62,20.715693808680545,36,0,1
119,162,49,18.670934308794386,34,1,0
120,176,57,18.401342975206614,34,1,0
121,183,72,21.49959688255845,27,0,1
122,163,58,21.829952199932254,40,0,1
123,173,115,38.42427077416553,25,0,1
124,1745,54,0.1773384454971634,22,0,1
125,180,56,17.28395061728395,28,0,1
126,183,69,20.603780345785182,27,0,1
127,169,58,20.307412205454995,32,0,1
128,162,50,19.05197378448407,34,1,0
129,156,46,18.902038132807366,26,1,0
130,152,34,14.716066481994462,15,1,0
131,159,56,22.15102250702108,36,1,0
132,162,62,23.624447492760247,24,1,0
133,180,65,20.061728395061728,20,0,1
134,182,66,19.925129815239703,22,0,1
135,163,56,21.0771952275208,40,1,0
136,179,73,22.78330888549047,40,0,1
137,161,615,237.25936499363445,22,1,0
138,173,63,21.04981790236894,22,0,1
139,175,58,18.938775510204078,27,0,1
140,165,51,18.732782369146012,29,1,0
141,170,63,21.799307958477513,24,0,1
142,170,95,32.871972318339104,37,0,1
143,169,54,18.90690101887189,29,0,1
144,157,45,18.25631871475516,20,1,0
145,175,56,18.285714285714285,27,0,1
146,177,615,196.30374413482718,28,0,1
147,172,61,20.61925365062196,37,0,1
148,172,56,18.929150892374263,26,0,1
149,157,40,16.227838857560144,29,1,0
150,161,41,15.817290999575635,23,0,1
151,159,53,20.964360587002094,23,1,0
152,170,58,20.069204152249142,22,0,1
153,174,59,19.487382745408908,31,0,1
154,162,58,22.10028959000152,40,0,1
155,177,61,19.4707778735357,18,0,1
156,152,40,17.31301939058172,23,1,0
157,162,47,17.90885535741502,23,1,0
158,175,62,20.244897959183675,37,0,1
159,170,55,19.031141868512112,20,0,1
160,171,58,19.83516295612325,22,0,1
161,172,77,26.027582477014604,32,0,1
162,183,71,21.20099137030069,23,0,1
163,150,40,17.777777777777782,22,1,0
164,158,57,22.83287934625861,22,1,0
165,158,45,18.02595737862522,25,1,0
166,176,67,21.62964876033058,34,0,1
167,166,65,23.588329220496444,33,0,1
168,170,62,21.453287197231838,29,0,1
169,170,63,21.799307958477513,29,0,1
170,168,58,20.5498866213152,30,0,1
171,167,55,19.721036967980208,37,0,1
172,158,54,21.63114885435026,33,1,0
173,161,54,20.83252960919717,36,1,0
174,167,52,18.64534404245401,34,1,0
175,147,50,23.138507103521682,28,1,0
176,1467,48,0.223039102936728,28,1,0
177,159,53,20.964360587002094,33,1,0
178,172,58,19.60519199567334,34,1,0
179,163,102,38.390605592984315,32,1,0
180,160,45,17.578124999999996,27,1,0
181,166,100,36.289737262302225,33,0,1
182,176,57,18.401342975206614,24,0,1
183,153,45,19.223375624759708,38,1,0
184,167,115,41.23489547850407,37,0,1
185,156,39,16.025641025641026,25,1,0
186,175,63,20.571428571428573,34,0,1
187,184,75,22.152646502835537,27,0,1
188,168,54,19.132653061224488,27,0,1
189,165,52,19.100091827364558,28,0,1
190,175,56,18.285714285714285,26,0,1
191,177,98,31.28092182961473,27,0,1
192,174,59,19.487382745408908,26,0,1
193,176,67,21.62964876033058,38,0,1
194,155,50,20.811654526534856,22,1,0
195,177,87,27.769797950780426,25,0,1
196,160,418,163.28124999999997,22,1,0
197,172,62,20.9572742022715,25,1,0
198,160,51,19.921875,25,1,0
199,167,72,25.816630212628635,30,0,1
200,173,56,18.710949246550168,26,0,1
201,169,53,18.55677322222612,23,0,1
202,177,58,18.513198633853616,22,0,1
203,153,48,20.504933999743688,29,1,0
204,155,50,20.811654526534856,29,1,0
205,175,60,19.59183673469388,23,0,1
216,171,54,18.467220683287167,15,0,1
217,168,54,19.132653061224488,24,1,0
218,160,44,17.187499999999996,23,1,0
219,157,44,17.85062274331616,32,1,0
220,152,45,19.47714681440443,20,1,0
221,166,47,17.056176513282043,25,1,0
222,158,48,19.227687870533565,23,1,0
223,160,50,19.53125,26,1,0
224,162,42,16.00365797896662,16,1,0
225,172,63,21.295294753921038,25,0,1
226,176,64,20.66115702479339,36,0,1
227,181,64,19.535423216629532,21,0,1
228,161,47,18.13201651170865,16,1,0
229,162,50,19.05197378448407,27,1,0
230,153,44,18.79618949976505,19,1,0
231,157,445,180.5347072903566,19,1,0
232,157,47,19.067710657633167,31,1,0
233,175,74,24.16326530612245,29,0,1
234,167,65,23.306680053067517,40,0,1
235,173,60,20.047445621303748,33,0,1
236,152,43,18.611495844875343,25,1,0
237,156,48,19.72386587771203,28,1,0
238,184,85,25.10633270321361,37,0,1
239,156,40,16.43655489809336,26,1,0
240,159,41,16.21771290692615,24,1,0
241,175,60,19.59183673469388,28,0,1
242,153,45,19.223375624759708,17,1,0
243,161,48,18.517804097064158,22,1,0
244,184,76,22.448015122873343,34,0,1
245,170,56,19.377162629757787,20,1,0
246,160,47,18.359375,22,1,0
247,160,46,17.968749999999996,29,1,0
248,152,45,19.47714681440443,28,1,0
249,167,60,21.513858510523864,37,0,1
250,180,89,27.46913580246913,38,0,1
251,167,53,19.003908350962746,24,0,1
252,147,43,19.89911610902865,30,0,1
253,163,76,28.60476495163537,15,0,1
254,169,51,17.85651762893457,31,0,1
255,160,45,17.578124999999996,31,1,0
256,176,58,18.724173553719012,28,0,1
257,155,44,18.314255983350677,40,1,0
258,170,62,21.453287197231838,22,0,1
259,182,65,19.623233908948194,40,0,1
260,160,43,16.796874999999996,20,1,0
261,181,62,18.924941241109856,26,0,1
262,156,43,17.66929651545036,20,1,0
263,170,55,19.031141868512112,23,0,1
264,169,59,20.65754000210077,25,0,1
265,165,53,19.467401285583104,21,1,0
266,177,62,19.789970953429727,23,0,1
267,172,60,20.281233098972415,26,0,1
268,154,385,162.33766233766238,15,1,0
269,161,54,20.83252960919717,28,1,0
270,155,46,19.14672216441207,29,1,0
271,174,585,193.2223543400713,26,0,1
272,177,68,21.705129432793893,24,0,1
273,171,58,19.83516295612325,32,0,1
274,165,58,21.30394857667585,28,1,0
275,150,43,19.11111111111111,22,1,0
276,150,48,21.33333333333333,27,1,0
277,1535,38,0.16127492068881366,20,1,0
278,152,55,23.80540166204986,27,1,0
279,163,50,18.818924310286427,32,1,0
280,173,60,20.047445621303748,24,0,1
281,160,45,17.578124999999996,28,1,0
282,160,50,19.53125,21,1,0
283,173,56,18.710949246550168,34,1,0
284,161,54,20.83252960919717,28,1,0
285,162,52,19.81405273586343,30,1,0
286,176,70,22.598140495867767,27,0,1
287,186,73,21.10070528384784,36,0,1
288,156,45,18.491124260355033,27,1,0
289,168,57,20.19557823129252,22,0,1
290,168,41,14.526643990929706,15,0,1
291,168,53,18.778344671201822,26,1,0
292,158,465,186.26822624579395,31,1,0
293,164,43,15.987507436049974,29,1,0
294,170,60,20.76124567474049,29,0,1
295,173,65,21.718066089745733,28,0,1
296,163,50,18.818924310286427,34,0,1
297,172,67,22.647376960519203,25,0,1
298,180,77,23.76543209876543,31,0,1
299,157,48,19.473406629072173,28,1,0
300,165,50,18.365472910927462,26,1,0
301,158,486,194.68033968915242,39,1,0
302,180,95,29.320987654320987,38,0,1
303,168,66,23.384353741496607,40,0,1
304,175,55,17.959183673469386,23,0,1
305,161,47,18.13201651170865,21,1,0
306,160,52,20.3125,24,1,0
307,165,57,20.936639118457304,25,0,1
308,171,54,18.467220683287167,26,0,1
309,182,100,30.189590629151066,35,0,1
310,174,85,28.075042938300967,34,0,1
311,158,92,36.853068418522675,28,0,1
312,170,58,20.069204152249142,38,0,1
313,178,110,34.71783865673526,37,0,1
314,182,78,23.54788069073783,33,0,1
315,156,405,166.42011834319524,28,1,0
316,177,65,20.747550193111813,27,0,1
317,173,90,30.071168431955627,23,0,1
318,180,61,18.827160493827158,23,0,1
319,175,52,16.979591836734695,19,0,1
320,175,60,19.59183673469388,40,0,1
321,167,47,16.85252249991036,35,1,0
322,170,52,17.99307958477509,37,1,0
323,170,58,20.069204152249142,27,0,1
324,175,78,25.469387755102037,36,0,1
325,173,60,20.047445621303748,31,0,1
326,178,56,17.67453604342886,23,0,1
327,165,49,17.99816345270891,22,0,1
328,175,60,19.59183673469388,34,0,1
329,160,48,18.75,18,0,1
330,161,51,19.675166853130666,29,1,0
331,150,38,16.88888888888889,30,1,0
332,170,60,20.76124567474049,37,0,1
333,157,68,27.587326057852245,29,1,0
334,175,68,22.20408163265306,38,0,1
335,163,48,18.06616733787497,19,1,0
336,158,45,18.02595737862522,25,1,0
337,156,43,17.66929651545036,23,1,0
338,165,61,22.4058769513315,23,0,1
339,173,79,26.395803401383272,30,0,1
340,165,66,24.24242424242425,37,0,1
341,173,95,31.741788900397605,30,0,1
342,173,63,21.04981790236894,26,0,1
343,177,60,19.15158479364167,27,0,1
344,167,54,19.362472659471475,28,0,1
345,181,67,20.45114617990904,28,0,1
346,172,64,21.63331530557058,36,0,1
347,177,60,19.15158479364167,29,0,1
348,177,63,20.109164033323754,34,0,1
349,160,58,22.65625,37,1,0
350,154,51,21.504469556417607,36,1,0
351,151,41,17.981667470724968,36,1,0
352,168,53,18.778344671201822,40,0,1
353,167,65,23.306680053067517,40,0,1
354,165,49,17.99816345270891,18,0,1
355,161,48,18.517804097064158,34,1,0
356,162,46,17.527815881725342,23,1,0
357,159,45,17.799928800284796,29,1,0
358,166,49,17.78197125852809,29,1,0
359,157,47,19.067710657633167,27,1,0
360,185,65,18.991964937910886,29,0,1
361,177,62,19.789970953429727,30,0,1
362,160,50,19.53125,30,1,0
363,175,62,20.244897959183675,25,0,1
364,182,63,19.01944209636517,31,0,1
365,175,57,18.612244897959183,30,0,1
366,177,62,19.789970953429727,37,0,1
367,158,52,20.82999519307803,27,1,0
368,149,49,22.071077879374805,23,0,1
369,153,41,17.51463112478107,30,1,0
370,162,475,180.99375095259862,35,1,0
371,180,65,20.061728395061728,34,0,1
372,173,63,21.04981790236894,39,0,1
373,163,47,17.68978885166924,34,1,0
374,178,63,19.88385304885747,32,0,1
375,180,68,20.987654320987648,29,0,1
376,170,57,19.723183391003467,24,0,1
377,182,62,18.717546190073666,27,0,1
378,181,65,19.840664204389366,35,0,1
379,151,37,16.227358449190824,22,1,0
380,169,70,24.508945765204306,29,0,1
381,164,53,19.705532421177875,16,0,1
382,159,395,156.24381946916657,16,1,0
383,196,95,24.7292794668888,35,0,1
384,1735,73,0.2425067893595993,34,0,1
385,158,47,18.82711103989745,27,1,0
386,158,475,190.27399455215507,24,1,0
387,174,78,25.762980578676174,30,0,1
388,157,55,22.313278429145196,25,1,0
389,167,48,17.21108680841909,29,1,0
390,170,58,20.069204152249142,26,0,1
391,165,54,19.834710743801654,28,0,1
392,164,47,17.474717430101133,34,1,0
393,156,46,18.902038132807366,17,1,0
394,174,65,21.469150482230148,32,0,1
395,156,43,17.66929651545036,22,1,0
396,161,54,20.83252960919717,23,1,0
397,160,47,18.359375,22,1,0
398,155,53,22.06035379812695,23,1,0
399,161,49,18.90359168241966,33,1,0
400,149,46,20.7197873969641,38,1,0
401,162,52,19.81405273586343,36,0,1
402,170,58,20.069204152249142,37,0,1
403,165,45,16.528925619834713,36,1,0
404,153,43,18.369003374770386,35,1,0
405,157,43,17.444926771877153,32,1,0
406,150,37,16.444444444444443,38,1,0
407,160,45,17.578124999999996,36,1,0
408,159,44,17.404374826945133,40,1,0
409,174,87,28.73563218390805,36,0,1
410,180,62,19.1358024691358,32,0,1
411,165,66,24.24242424242425,35,0,1
412,171,62,21.203105228959338,39,0,1
413,168,58,20.5498866213152,34,0,1
414,149,83,37.3857033466961,28,1,0
415,165,55,20.202020202020204,32,1,0
416,181,74,22.58783309422789,39,0,1
417,155,43,17.898022892819977,22,1,0
418,173,62,20.715693808680545,31,0,1
419,179,73,22.78330888549047,30,0,1
420,169,53,18.55677322222612,30,0,1
421,160,50,19.53125,29,1,0
422,180,65,20.061728395061728,27,0,1
423,1565,55,0.2245608304667803,40,1,0
424,157,43,17.444926771877153,22,1,0
425,180,70,21.604938271604933,23,0,1
426,171,56,19.15119181970521,23,0,1
427,166,48,17.419073885905068,27,1,0
428,160,49,19.140625,24,1,0
429,178,101,31.877288221184198,30,0,1
430,152,43,18.611495844875343,23,1,0
431,169,54,18.90690101887189,23,1,0
432,175,72,23.510204081632647,27,0,1
433,181,65,19.840664204389366,25,0,1
434,158,48,19.227687870533565,22,1,0
435,178,58,18.305769473551322,24,0,1
436,162,45,17.146776406035663,30,1,0
437,160,52,20.3125,25,1,0
438,169,59,20.65754000210077,25,1,0
439,164,48,17.846519928613922,23,1,0
440,174,60,19.817677368212443,26,0,1
441,168,45,15.94387755102041,27,0,1
442,170,54,18.68512110726644,39,0,1
443,153,42,17.941817249775728,32,1,0
444,152,39,16.880193905817176,26,1,0
445,180,64,19.753086419753085,31,0,1
446,170,68,23.529411764705888,39,0,1
447,157,48,19.473406629072173,26,1,0
448,156,48,19.72386587771203,25,1,0
449,168,48,17.006802721088437,36,1,0
450,159,52,20.568806613662428,35,0,1
451,169,48,16.806134238997235,34,1,0
452,153,49,20.932120124738347,26,1,0
453,180,68,20.987654320987648,29,0,1
454,164,52,19.33372992266508,28,1,0
455,167,54,19.362472659471475,25,0,1
456,173,64,21.38394199605733,29,0,1
457,173,64,21.38394199605733,22,0,1
458,150,39,17.333333333333332,33,1,0
459,170,64,22.14532871972318,31,0,1
460,161,45,17.360441340997642,22,1,0
461,171,61,20.86111966075032,23,0,1
462,1635,53,0.1982623984139008,34,0,1
463,172,70,23.661438615467826,23,0,1
464,157,52,21.096190514828187,23,1,0
465,175,73,23.836734693877553,37,0,1
466,172,65,21.97133585722012,31,0,1
467,158,69,27.639801313892,20,1,0
468,180,67,20.679012345679013,23,0,1
469,162,62,23.624447492760247,34,0,1
470,158,50,20.028841531805803,31,1,0
471,162,58,22.10028959000152,32,1,0
472,181,70,21.366869143188552,25,0,1
473,157,52,21.096190514828187,22,1,0
474,178,61,19.252619618735007,28,0,1
475,156,38,15.614727153188689,23,1,0
476,162,46,17.527815881725342,15,1,0
477,178,65,20.515086478979928,18,0,1
478,176,68,21.952479338842977,23,0,1
479,172,51,17.239048134126552,21,0,1
480,167,70,25.099501595611173,36,0,1
481,173,63,21.04981790236894,22,0,1
482,189,80,22.395789591556788,39,0,1
483,170,125,43.25259515570935,33,0,1
484,182,85,25.66115203477841,34,0,1
485,161,53,20.446742023841672,27,1,0
486,171,63,21.545090797168363,36,0,1
487,154,41,17.28790689829651,17,1,0
488,178,64,20.199469763918696,39,0,1
489,172,58,19.60519199567334,27,0,1
490,172,65,21.97133585722012,29,0,1
491,152,41,17.74584487534626,15,1,0
492,179,61,19.03810742486189,26,0,1
493,150,42,18.666666666666668,20,1,0
494,168,55,19.486961451247172,32,0,1
495,165,52,19.100091827364558,31,1,0
496,164,56,20.820939916716245,34,1,0
497,158,45,18.02595737862522,20,0,1
498,163,50,18.818924310286427,38,1,0
499,169,51,17.85651762893457,39,1,0
500,165,49,17.99816345270891,39,1,0
501,185,66,19.284149013878746,30,0,1
502,173,54,18.04270105917337,25,0,1
503,152,55,23.80540166204986,25,1,0
504,159,47,18.59103674696412,22,1,0
505,171,50,17.09927841045108,23,1,0
506,169,49,17.15626203564301,16,1,0
507,159,33,13.053281120208853,15,1,0
508,176,57,18.401342975206614,26,0,1
509,182,93,28.07631928511049,39,0,1
510,172,80,27.041644131963228,32,0,1
511,160,51,19.921875,21,0,1
512,165,55,20.202020202020204,36,0,1
513,163,56,21.0771952275208,29,1,0
514,163,55,20.70081674131507,30,1,0
515,151,53,23.244594535327398,24,1,0
516,155,43,17.898022892819977,24,1,0
517,183,60,17.916330735465372,26,0,1
518,175,85,27.755102040816325,30,0,1
519,178,65,20.515086478979928,35,0,1
520,171,63,21.545090797168363,21,0,1
521,159,50,19.77769866698311,28,1,0
522,158,51,20.429418362441915,36,1,0
523,160,53,20.703125,25,1,0
524,164,55,20.449137418203453,39,0,1
525,178,100,31.561671506122966,39,0,1
526,162,50,19.05197378448407,19,1,0
527,153,44,18.79618949976505,26,1,0
528,175,65,21.224489795918366,28,0,1
529,178,62,19.56823633379624,34,0,1
530,173,62,20.715693808680545,25,0,1
531,188,68,19.23947487550928,30,0,1
532,153,38,16.23307274979709,25,1,0
533,165,75,27.54820936639119,32,0,1
534,175,67,21.877551020408163,25,0,1
535,161,47,18.13201651170865,33,1,0
536,164,55,20.449137418203453,27,0,1
537,181,58,17.70397729007051,30,0,1
538,183,85,25.38146854190928,28,0,1
539,183,65,19.40935829675416,29,0,1
540,159,42,16.61326688026581,36,1,0
541,151,40,17.543090215341433,33,1,0
542,150,40,17.777777777777782,28,1,0
543,170,55,19.031141868512112,33,1,0
544,166,50,18.144868631151112,27,1,0
545,165,58,21.30394857667585,27,0,1
546,174,60,19.817677368212443,33,0,1
547,172,55,18.591130340724717,22,0,1
548,180,68,20.987654320987648,32,0,1
549,166,58,21.04804761213529,38,0,1
550,182,62,18.717546190073666,25,0,1
551,171,62,21.203105228959338,26,0,1
552,157,45,18.25631871475516,23,1,0
553,170,59,20.415224913494807,34,0,1
554,171,68,23.255018638213468,40,0,1
555,153,40,17.087444999786403,30,1,0
556,159,42,16.61326688026581,25,1,0
557,185,79,23.082542001460926,37,0,1
558,165,53,19.467401285583104,29,1,0
559,165,49,17.99816345270891,40,1,0
560,180,67,20.679012345679013,33,0,1
561,172,58,19.60519199567334,27,1,0
562,153,42,17.941817249775728,25,1,0
563,153,43,18.369003374770386,26,1,0
564,167,58,20.7967298935064,31,0,1
565,163,82,30.863035868869733,32,0,1
566,152,40,17.31301939058172,35,1,0
567,172,95,32.11195240670633,24,0,1
568,1745,58,0.19047462664510145,34,0,1
569,165,40,14.692378328741968,17,1,0
570,180,62,19.1358024691358,24,0,1
571,155,45,18.730489073881373,21,1,0
572,170,51,17.647058823529417,20,0,1
573,180,55,16.975308641975307,18,0,1
574,176,60,19.369834710743802,24,0,1
575,180,65,20.061728395061728,27,0,1
576,160,48,18.75,28,1,0
577,166,53,19.233560749020175,27,0,1
578,164,54,20.077334919690664,24,0,1
579,169,53,18.55677322222612,29,0,1
580,168,60,21.258503401360546,26,0,1
581,167,75,26.892323138154826,32,0,1
582,153,48,20.504933999743688,28,1,0
583,170,76,26.29757785467128,29,0,1
584,172,65,21.97133585722012,25,0,1
585,181,92,28.082170873904943,33,0,1
586,170,60,20.76124567474049,33,0,1
587,181,62,18.924941241109856,20,0,1
588,162,58,22.10028959000152,35,0,1
589,171,48,16.415307274033037,17,0,1
590,168,62,21.967120181405896,29,0,1
591,163,102,38.390605592984315,39,1,0
592,154,42,17.709563164108623,30,1,0
593,186,92,26.59266967279454,32,0,1
594,178,62,19.56823633379624,30,0,1
595,183,87,25.97867956642479,38,0,1
596,153,46,19.650561749754367,31,1,0
597,169,55,19.257028815517668,26,0,1
598,163,46,17.31341036546351,23,1,0
599,168,53,18.778344671201822,34,1,0
600,155,41,17.065556711758582,40,1,0
601,158,445,178.2566896330716,35,1,0
602,151,65,28.507521599929827,30,1,0
603,162,50,19.05197378448407,30,1,0
604,185,76,22.205989773557334,29,0,1
605,175,56,18.285714285714285,29,0,1
606,160,52,20.3125,28,1,0
607,156,56,23.011176857330703,30,1,0
608,180,70,21.604938271604933,28,0,1
609,180,67,20.679012345679013,29,0,1
610,163,50,18.818924310286427,37,0,1
611,170,67,23.183391003460212,30,0,1
612,170,60,20.76124567474049,28,0,1
613,179,83,25.90431010268094,31,0,1
614,183,74,22.096807907073966,29,0,1
615,151,45,19.735976492259113,36,1,0
616,168,55,19.486961451247172,33,0,1
617,184,80,23.62948960302457,27,0,1
618,160,45,17.578124999999996,26,1,0
619,163,45,16.937031879257788,33,1,0
620,157,54,21.907582457706194,29,1,0
621,175,65,21.224489795918366,35,0,1
622,1585,48,0.19106568878185676,27,1,0
623,160,47,18.359375,31,1,0
624,157,57,23.1246703720232,30,1,0
625,162,56,21.33821063862216,31,1,0
626,164,59,21.936347412254616,25,1,0
627,158,50,20.028841531805803,26,1,0
628,160,50,19.53125,38,1,0
629,172,62,20.9572742022715,27,0,1
630,155,43,17.898022892819977,33,1,0
631,173,63,21.04981790236894,28,0,1
632,157,31,12.576575114609113,16,1,0
633,176,58,18.724173553719012,23,0,1
634,174,69,22.79032897344431,37,0,1
635,178,64,20.199469763918696,37,0,1
636,191,87,23.84803048162057,27,0,1
637,175,62,20.244897959183675,26,0,1
638,173,63,21.04981790236894,27,0,1
639,151,40,17.543090215341433,25,1,0
640,182,60,18.11375437749064,26,0,1
641,153,40,17.087444999786403,35,1,0
642,156,44,18.080210387902685,27,1,0
643,173,53,17.70857696548498,17,0,1
644,166,60,21.773842357381334,21,0,1
645,193,83,22.28247738194314,25,0,1
646,174,62,20.478266613819528,26,0,1
647,168,55,19.486961451247172,25,0,1
648,173,66,22.052190183434128,30,0,1
649,179,65,20.286507911738084,28,0,1
650,173,54,18.04270105917337,28,0,1
651,182,69,20.830817534114235,23,0,1
652,172,63,21.295294753921038,38,0,1
653,173,62,20.715693808680545,23,0,1
654,174,59,19.487382745408908,28,0,1
655,155,39,16.23309053069719,15,1,0
656,157,39,15.82214288612114,30,1,0
657,178,65,20.515086478979928,26,0,1
658,174,61,20.147971991015986,29,0,1
659,178,78,24.61810377477591,29,0,1
660,148,37,16.89189189189189,37,1,0
661,178,65,20.515086478979928,33,0,1
662,158,47,18.82711103989745,27,1,0
663,154,42,17.709563164108623,25,1,0
664,150,40,17.777777777777782,24,1,0
665,169,62,21.707923392038094,36,0,1
666,156,46,18.902038132807366,23,1,0
667,170,54,18.68512110726644,23,0,1
668,148,43,19.631117604090573,21,1,0
669,159,46,18.195482773624462,26,1,0
670,170,58,20.069204152249142,32,0,1
671,180,67,20.679012345679013,38,0,1
672,163,54,20.32443825510934,38,0,1
673,169,58,20.307412205454995,27,0,1
674,168,62,21.967120181405896,32,0,1
675,178,70,22.093170054286073,28,0,1
676,162,48,18.289894833104707,31,1,0
677,181,75,22.89307408198773,26,0,1
678,1775,64,0.203134298750248,35,0,1
679,158,54,21.63114885435026,34,1,0
680,165,52,19.100091827364558,25,0,1
681,160,49,19.140625,23,1,0
682,171,75,25.648917615676623,39,0,1
683,157,46,18.662014686194166,39,1,0
684,160,48,18.75,26,1,0
685,164,60,22.30814991076741,31,0,1
686,146,62,29.08613248264215,31,1,0
687,160,48,18.75,39,1,0
688,172,67,22.647376960519203,38,0,1
689,178,78,24.61810377477591,36,0,1
690,167,50,17.92821542543655,40,1,0
691,175,108,35.265306122448976,31,0,1
692,151,43,18.85882198149204,35,1,0
693,162,65,24.767565919829288,31,1,0
694,178,63,19.88385304885747,37,0,1
695,170,60,20.76124567474049,37,0,1
696,186,75,21.678806798473808,31,0,1
697,163,51,19.195302796492157,39,1,0
698,183,74,22.096807907073966,39,0,1
699,154,42,17.709563164108623,37,1,0
700,190,70,19.39058171745152,28,0,1
701,176,67,21.62964876033058,39,0,1
702,172,54,18.25310978907518,32,1,0
703,163,50,18.818924310286427,23,1,0
704,180,64,19.753086419753085,34,0,1
705,171,62,21.203105228959338,40,0,1
706,178,65,20.515086478979928,29,0,1
707,180,67,20.679012345679013,37,0,1
708,173,73,24.391058839252896,27,0,1
709,172,59,19.94321254732288,23,0,1
710,166,51,18.507766003774133,21,0,1
711,174,63,20.808561236623067,33,0,1
712,170,48,16.60899653979239,33,1,0
713,173,56,18.710949246550168,23,0,1
714,168,117,41.454081632653065,31,1,0
715,155,46,19.14672216441207,24,1,0
716,174,74,24.441802087462012,29,0,1
717,176,65,20.983987603305785,25,0,1
718,168,55,19.486961451247172,33,0,1
719,163,46,17.31341036546351,24,1,0
720,177,69,22.024322512687927,37,0,1
721,175,64,20.897959183673468,26,0,1
722,176,58,18.724173553719012,26,0,1
723,167,51,18.286779733945288,25,1,0
724,1725,68,0.22852341944969545,40,0,1
725,173,68,22.720438370810925,36,0,1
726,172,70,23.661438615467826,27,0,1
727,178,73,23.04002019946976,28,0,1
728,190,69,19.113573407202214,24,0,1
729,178,80,25.24933720489837,32,0,1
730,185,68,19.868517165814463,28,0,1
731,185,100,29.21840759678597,32,0,1
732,180,60,18.51851851851852,23,0,1
733,157,44,17.85062274331616,23,1,0
734,160,45,17.578124999999996,24,1,0
735,155,31,12.903225806451614,15,1,0
736,173,67,22.386314277122523,30,0,1
737,156,45,18.491124260355033,28,1,0
738,175,70,22.857142857142854,38,0,1
739,175,55,17.959183673469386,30,0,1
740,174,60,19.817677368212443,24,0,1
741,169,55,19.257028815517668,36,0,1
742,154,47,19.817844493169172,26,1,0
743,164,53,19.705532421177875,39,0,1
744,170,59,20.415224913494807,31,0,1
745,187,66,18.873859704309528,29,0,1
746,160,45,17.578124999999996,25,1,0
747,185,78,22.79035792549306,37,0,1
748,158,44,17.625380547989106,25,1,0
749,170,58,20.069204152249142,27,0,1
750,166,485,176.0052257221658,17,1,0
751,155,49,20.39542143600416,17,1,0
752,1635,53,0.1982623984139008,16,1,0
753,159,44,17.404374826945133,15,1,0
754,195,85,22.35371466140697,35,0,1
755,1555,395,1.6335645826656051,18,1,0
756,150,344,152.88888888888889,16,1,0
757,165,50,18.365472910927462,39,1,0
758,173,53,17.70857696548498,26,0,1
759,175,67,21.877551020408163,30,0,1
760,165,45,16.528925619834713,30,1,0
761,168,58,20.5498866213152,39,0,1
762,178,65,20.515086478979928,40,0,1
763,168,52,18.42403628117914,35,1,0
764,164,46,17.102914931588344,19,1,0
765,159,44,17.404374826945133,25,1,0
766,160,49,19.140625,22,1,0
767,156,46,18.902038132807366,38,1,0
768,156,55,22.600262984878373,28,1,0
769,162,48,18.289894833104707,23,1,0
770,170,51,17.647058823529417,29,1,0
771,151,47,20.613131003026183,31,1,0
772,1779,120,0.379165967579414,28,0,1
773,163,75,28.22838646542964,39,0,1
774,157,47,19.067710657633167,34,1,0
775,160,435,169.92187499999997,31,1,0
776,153,41,17.51463112478107,30,1,0
777,177,62,19.789970953429727,39,0,1
778,178,69,21.777553339224845,36,0,1
779,177,67,21.385936352899872,28,0,1
780,175,70,22.857142857142854,30,0,1
781,173,60,20.047445621303748,36,0,1
782,162,95,36.19875019051973,32,0,1
783,171,85,29.06877329776684,30,0,1
784,171,59,20.177148524332274,33,0,1
785,176,66,21.306818181818183,29,0,1
786,186,66,19.077349982656948,30,0,1
787,176,62,20.015495867768603,38,0,1
788,183,63,18.812147272238647,31,0,1
789,162,80,30.483158055174513,33,0,1
790,170,78,26.989619377162636,30,0,1
791,153,40,17.087444999786403,27,1,0
792,162,51,19.433013260173748,17,0,1
793,162,52,19.81405273586343,32,1,0
794,170,90,31.14186851211073,33,0,1
795,178,60,18.937002903673783,25,0,1
796,166,61,22.136739730004358,25,0,1
797,161,50,19.28937926777516,24,1,0
798,159,51,20.17325264032277,35,1,0
799,147,41,18.97357582488778,25,1,0
800,154,50,21.0828132906055,27,1,0
801,174,62,20.478266613819528,37,0,1
802,165,45,16.528925619834713,33,1,0
803,170,61,21.107266435986162,33,0,1
804,155,54,22.476586888657646,32,1,0
805,162,54,20.576131687242796,27,1,0
806,177,57,18.194005553959588,34,0,1
807,165,53,19.467401285583104,25,1,0
808,170,60,20.76124567474049,24,0,1
809,1825,68,0.20416588478138487,33,0,1
810,1546,468,1.9580639600755776,24,1,0
811,157,55,22.313278429145196,34,1,0
812,180,66,20.37037037037037,27,0,1
813,171,53,18.125235115078144,23,0,1
814,169,49,17.15626203564301,31,1,0
815,1709,624,2.1364880313872003,23,0,1
816,160,48,18.75,25,1,0
817,152,47,20.34279778393352,20,1,0
818,147,43,19.89911610902865,17,0,1
819,178,82,25.880570635020828,29,0,1
820,1775,66,0.2094822455861932,28,0,1
821,158,60,24.03460983816696,27,1,0
822,169,62,21.707923392038094,32,0,1
823,175,65,21.224489795918366,24,0,1
824,180,95,29.320987654320987,36,0,1
825,172,56,18.929150892374263,28,0,1
826,162,63,24.00548696844993,40,0,1
827,180,63,19.444444444444443,39,0,1
828,160,40,15.624999999999995,30,1,0
829,177,60,19.15158479364167,33,0,1
830,170,62,21.453287197231838,39,0,1
831,154,40,16.866250632484398,17,1,0
832,176,68,21.952479338842977,27,0,1
833,160,46,17.968749999999996,22,1,0
834,157,47,19.067710657633167,29,1,0
835,158,46,18.42653420926133,32,1,0
836,175,65,21.224489795918366,29,0,1
837,181,67,20.45114617990904,24,0,1
838,173,67,22.386314277122523,38,0,1
839,162,45,17.146776406035663,40,1,0
840,182,83,25.05736022219539,35,0,1
841,154,47,19.817844493169172,26,1,0
842,164,53,19.705532421177875,39,1,0
843,176,63,20.338326446280988,35,0,1
844,153,45,19.223375624759708,37,1,0
845,165,59,21.6712580348944,26,1,0
846,157,72,29.21010994360826,25,1,0
847,169,65,22.758306781975428,32,0,1
848,156,44,18.080210387902685,24,1,0
849,169,63,22.058051188683876,29,0,1
850,169,60,21.00766779874655,26,0,1
851,164,53,19.705532421177875,28,1,0
852,178,66,20.83070319404116,28,0,1
853,160,44,17.187499999999996,33,1,0
854,169,56,19.607156612163447,27,0,1
855,157,43,17.444926771877153,22,1,0
856,176,90,29.054752066115704,29,0,1
857,169,67,23.45856237526697,25,0,1
858,153,48,20.504933999743688,29,1,0
859,178,80,25.24933720489837,30,0,1
860,1765,88,0.2824836087281016,27,0,1
861,176,65,20.983987603305785,34,0,1
862,171,57,19.493177387914233,19,0,1
863,153,51,21.786492374727672,15,0,1
864,174,61,20.147971991015986,37,0,1
865,158,60,24.03460983816696,32,0,1
866,180,67,20.679012345679013,28,0,1
867,170,53,18.339100346020764,27,0,1
868,148,38,17.348429510591675,27,1,0
869,163,495,186.3073506718356,31,1,0
870,176,55,17.75568181818182,22,0,1
871,180,67,20.679012345679013,30,0,1
872,168,50,17.71541950113379,26,1,0
873,151,44,19.297399236875574,17,1,0
874,179,59,18.4139071814238,34,0,1
875,172,56,18.929150892374263,25,0,1
876,163,44,16.560653393052053,29,1,0
877,155,43,17.898022892819977,30,1,0
878,163,40,15.055139448229141,19,0,1
879,171,55,18.809206251496192,28,0,1
880,174,53,17.50561500858766,22,0,1
881,164,46,17.102914931588344,27,1,0
882,183,75,22.395413419331717,28,0,1
883,151,41,17.981667470724968,16,1,0
884,159,44,17.404374826945133,29,1,0
885,155,46,19.14672216441207,30,1,0
886,177,65,20.747550193111813,30,0,1
887,176,69,22.275309917355365,26,0,1
888,175,64,20.897959183673468,36,0,1
889,155,46,19.14672216441207,32,1,0
890,164,52,19.33372992266508,30,0,1
891,158,44,17.625380547989106,15,0,1
892,180,78,24.074074074074073,38,0,1
893,177,105,33.51527338887293,39,0,1
894,175,60,19.59183673469388,31,0,1
895,171,62,21.203105228959338,39,0,1
896,176,67,21.62964876033058,40,0,1
897,156,56,23.011176857330703,38,1,0
898,173,59,19.71332152761536,34,0,1
899,172,65,21.97133585722012,34,0,1
900,153,49,20.932120124738347,28,1,0
901,152,45,19.47714681440443,29,1,0
902,164,50,18.590124925639504,34,1,0
903,165,55,20.202020202020204,34,1,0
904,174,52,17.17532038578412,25,0,1
905,177,72,22.98190175237001,25,0,1
906,178,65,20.515086478979928,36,0,1
907,147,44,20.36188625109908,24,1,0
908,154,42,17.709563164108623,24,1,0
909,178,54,17.043302613306402,23,0,1
910,152,45,19.47714681440443,30,1,0
911,171,61,20.86111966075032,38,0,1
912,149,45,20.26935723616053,16,1,0
913,180,58,17.901234567901234,25,0,1
914,167,491,176.05507547778694,26,0,1
915,150,48,21.33333333333333,24,1,0
916,144,36,17.36111111111111,32,1,0
917,173,63,21.04981790236894,27,0,1
918,171,58,19.83516295612325,32,0,1
919,161,55,21.218317194552675,28,1,0
920,175,66,21.551020408163268,29,0,1
921,154,49,20.66115702479339,31,1,0
922,168,715,253.3304988662132,27,0,1
923,150,40,17.777777777777782,22,1,0
924,163,56,21.0771952275208,22,0,1
925,162,60,22.862368541380878,22,0,1
926,1726,53,0.17790751226219134,23,1,0
927,157,40,16.227838857560144,22,1,0
928,161,56,21.60410477990818,36,1,0
929,158,53,21.230572023714146,30,1,0
930,150,48,21.33333333333333,28,1,0
931,158,41,16.423650056080753,28,1,0
932,155,51,21.227887617065555,28,1,0
933,167,65,23.306680053067517,29,0,1
934,145,30,14.26872770511296,15,1,0
935,166,55,19.959355494266227,32,0,1
936,165,58,21.30394857667585,27,0,1
937,175,58,18.938775510204078,26,0,1
938,170,58,20.069204152249142,31,1,0
939,168,58,20.5498866213152,34,0,1
940,173,60,20.047445621303748,36,0,1
941,164,50,18.590124925639504,39,1,0
942,176,65,20.983987603305785,24,0,1
943,174,65,21.469150482230148,29,0,1
944,171,55,18.809206251496192,37,0,1
945,187,63,18.01595699047728,28,0,1
946,184,75,22.152646502835537,39,0,1
947,165,52,19.100091827364558,36,0,1
948,173,60,20.047445621303748,34,0,1
949,165,52,19.100091827364558,27,0,1
950,1652,66,0.2418376141033834,23,1,0
951,159,47,18.59103674696412,24,1,0
952,173,60,20.047445621303748,29,0,1
953,156,46,18.902038132807366,29,1,0
954,180,74,22.839506172839503,31,0,1
955,160,49,19.140625,35,1,0
956,165,96,35.26170798898072,30,0,1
957,165,46,16.896235078053262,32,1,0
958,170,56,19.377162629757787,28,0,1
959,156,43,17.66929651545036,24,1,0
960,177,59,18.832391713747644,33,0,1
961,160,46,17.968749999999996,34,1,0
963,166,43,15.604587022789955,30,1,0
964,181,69,21.06162815542871,36,0,1
965,172,62,20.9572742022715,28,0,1
966,170,60,20.76124567474049,33,1,0
967,176,61,19.692665289256198,25,0,1
968,159,48,18.986590720303784,30,1,0
969,160,45,17.578124999999996,29,1,0
970,1577,48,0.19300912892969604,25,1,0
971,167,63,22.58955143605005,36,0,1
972,170,63,21.799307958477513,28,0,1
973,165,58,21.30394857667585,30,0,1
974,168,61,21.61281179138323,31,0,1
975,168,68,24.092970521541954,27,0,1
976,160,40,15.624999999999995,19,1,0
977,180,63,19.444444444444443,23,0,1
978,161,48,18.517804097064158,23,1,0
979,170,60,20.76124567474049,29,1,0
980,176,55,17.75568181818182,27,0,1
981,144,37,17.843364197530864,16,1,0
982,187,83,23.735308416025614,40,0,1
983,184,65,19.198960302457465,27,0,1
984,173,63,21.04981790236894,35,0,1
985,158,48,19.227687870533565,27,1,0
986,159,53,20.964360587002094,25,1,0
987,164,53,19.705532421177875,36,1,0
988,177,63,20.109164033323754,37,0,1
989,181,65,19.840664204389366,27,0,1
990,150,37,16.444444444444443,30,1,0
991,178,62,19.56823633379624,34,0,1
992,154,40,16.866250632484398,36,1,0
993,163,47,17.68978885166924,36,1,0
994,161,45,17.360441340997642,23,1,0
995,155,48,19.979188345473467,25,1,0
996,181,74,22.58783309422789,37,0,1
997,165,52,19.100091827364558,23,1,0
998,170,55,19.031141868512112,30,0,1
999,175,60,19.59183673469388,39,0,1
1000,149,41,18.467636592946263,34,1,0
1001,168,57,20.19557823129252,24,0,1
1002,174,59,19.487382745408908,36,0,1
1003,153,39,16.660258874791747,15,0,1
1004,180,61,18.827160493827158,29,0,1
1005,164,43,15.987507436049974,16,0,1
1006,154,37,15.60128183504807,16,1,0
1007,163,43,16.184274906846326,15,0,1
1008,146,385,180.61550009382626,17,1,0
1009,1565,45,0.18373158856372931,26,1,0
1010,161,45,17.360441340997642,26,1,0
1011,155,43,17.898022892819977,24,1,0
1012,166,95,34.475250399187104,27,1,0
1013,159,47,18.59103674696412,27,1,0
1014,164,52,19.33372992266508,25,1,0
1015,170,57,19.723183391003467,37,0,1
1016,155,43,17.898022892819977,16,0,1
1017,162,45,17.146776406035663,19,1,0
1018,150,35,15.555555555555555,18,0,1
1019,158,90,36.05191475725044,23,1,0
1020,150,44,19.555555555555557,17,1,0
1021,149,50,22.52150804017837,19,1,0
1022,161,72,27.776706145596233,27,1,0
1023,154,45,18.97453196154495,20,1,0
1024,151,44,19.297399236875574,18,1,0
1025,155,46,19.14672216441207,19,1,0
1026,158,45,18.02595737862522,20,1,0
1027,177,60,19.15158479364167,31,1,0
1028,159,56,22.15102250702108,31,1,0
1029,173,50,16.706204684419788,27,0,1
1030,167,64,22.948115744558788,40,0,1
1031,169,64,22.40817898532965,29,0,1
1032,179,75,23.407509128928556,32,0,1
1033,180,67,20.679012345679013,33,0,1
1034,174,63,20.808561236623067,27,0,1
1035,160,45,17.578124999999996,26,1,0
1036,172,63,21.295294753921038,30,0,1
1037,148,49,22.37034331628926,25,1,0
1038,164,70,26.026174895895306,36,0,1
1039,161,58,22.375679950619187,28,0,1
1040,175,60,19.59183673469388,25,0,1
1041,172,61,20.61925365062196,21,0,1
1042,164,58,21.564544913741823,26,0,1
1043,162,50,19.05197378448407,25,1,0
1044,175,59,19.26530612244898,26,0,1
1045,153,42,17.941817249775728,25,1,0
1046,167,47,16.85252249991036,30,1,0
1047,182,60,18.11375437749064,27,0,1
1048,166,48,17.419073885905068,36,1,0
1049,163,49,18.442545824080696,18,0,1
1050,148,40,18.26150474799124,36,1,0
1051,181,55,16.788254326791,36,0,1
1052,172,60,20.281233098972415,35,0,1
1053,164,52,19.33372992266508,30,0,1
1054,175,65,21.224489795918366,34,0,1
1055,162,50,19.05197378448407,32,0,1
1056,171,54,18.467220683287167,36,0,1
1057,164,46,17.102914931588344,23,1,0
1058,165,45,16.528925619834713,23,1,0
1059,154,46,19.396188227357055,26,1,0
1060,178,62,19.56823633379624,33,0,1
1061,155,48,19.979188345473467,31,1,0
1062,159,50,19.77769866698311,25,1,0
1063,160,40,15.624999999999995,31,1,0
1064,154,39,16.444594366672288,26,1,0
1065,142,32,15.869867089863124,16,1,0
1066,143,365,178.4928358354932,16,1,0
1067,158,479,191.87630187469955,27,1,0
1068,153,45,19.223375624759708,26,1,0
1069,177,83,26.493025631204315,29,0,1
1070,154,42,17.709563164108623,38,1,0
1071,151,45,19.735976492259113,29,1,0
1072,160,46,17.968749999999996,37,1,0
1073,165,51,18.732782369146012,27,1,0
1074,165,60,22.03856749311295,40,1,0
1075,187,86,24.59321112985787,35,0,1
1076,162,53,20.195092211553114,33,1,0
1077,157,50,20.28479857195018,29,1,0
1078,157,47,19.067710657633167,27,1,0
1079,165,53,19.467401285583104,32,1,0
1080,165,80,29.38475665748393,26,0,1
1081,170,53,18.339100346020764,29,1,0
1082,1548,50,0.2086546615120619,28,1,0
1083,175,89,29.061224489795922,26,0,1
1084,160,46,17.968749999999996,26,1,0
1085,160,56,21.875,31,1,0
1086,157,48,19.473406629072173,29,1,0
1087,160,55,21.484375,26,1,0
1088,163,48,18.06616733787497,25,1,0
1089,162,515,196.2353299801859,25,1,0
1090,158,50,20.028841531805803,25,1,0
1091,153,42,17.941817249775728,26,1,0
1092,162,62,23.624447492760247,32,1,0
1093,1555,47,0.19437350730451505,28,1,0
1094,158,57,22.83287934625861,26,1,0
1095,168,58,20.5498866213152,28,0,1
1096,154,47,19.817844493169172,40,1,0
1097,157,50,20.28479857195018,40,1,0
1098,153,39,16.660258874791747,32,1,0
1099,178,64,20.199469763918696,33,0,1
1100,165,58,21.30394857667585,28,0,1
1101,152,50,21.641274238227147,31,1,0
1102,170,56,19.377162629757787,32,1,0
1103,162,52,19.81405273586343,29,1,0
1104,164,53,19.705532421177875,31,0,1
1105,163,50,18.818924310286427,31,0,1
1106,165,53,19.467401285583104,29,0,1
1107,168,65,23.030045351473927,37,0,1
1108,175,61,19.918367346938776,36,0,1
1109,187,130,37.17578426606422,37,0,1
1110,173,80,26.729927495071674,33,0,1
1111,172,57,19.2671714440238,38,0,1
1112,161,57,21.98989236526368,28,0,1
1113,164,93,34.577632361689474,40,1,0
1114,174,70,23.12062359624785,31,0,1
1115,172,55,18.591130340724717,24,1,0
1116,162,45,17.146776406035663,30,0,1
1117,181,64,19.535423216629532,28,0,1
1118,168,50,17.71541950113379,17,0,1
1119,171,67,22.91303307000445,40,0,1
1120,160,43,16.796874999999996,28,1,0
1121,175,67,21.877551020408163,39,0,1
1122,166,58,21.04804761213529,28,0,1
1123,155,42,17.481789802289278,34,1,0
1124,155,49,20.39542143600416,29,1,0
1125,164,67,24.91076740035693,27,1,0
1126,1735,102,0.33884510294081005,40,0,1
1127,172,87,29.407787993510013,38,0,1
1128,170,67,23.183391003460212,35,0,1
1129,162,90,34.293552812071326,38,0,1
1130,160,46,17.968749999999996,19,1,0
1131,158,44,17.625380547989106,27,1,0
1132,152,43,18.611495844875343,29,1,0
1133,172,64,21.63331530557058,30,0,1
1134,168,60,21.258503401360546,26,0,1
1135,179,62,19.350207546580947,33,0,1
1136,163,45,16.937031879257788,40,1,0
1137,160,55,21.484375,21,1,0
1138,178,120,37.874005807347565,35,0,1
1139,176,60,19.369834710743802,33,0,1
1140,153,57,24.34960912469563,40,1,0
1141,1715,85,0.28899523157867896,34,0,1
1142,173,93,31.073540713020805,32,0,1
1143,175,58,18.938775510204078,25,0,1
1144,172,55,18.591130340724717,26,0,1
1145,160,49,19.140625,37,1,0
1146,172,60,20.281233098972415,28,0,1
1147,182,100,30.189590629151066,34,0,1
1148,171,88,30.09473000239391,32,0,1
1149,156,42,17.258382642998026,21,1,0
1150,173,57,19.045073340238567,29,0,1
1151,178,132,41.66140638808231,30,0,1
1152,165,54,19.834710743801654,26,0,1
1153,168,54,19.132653061224488,15,0,1
1154,158,47,18.82711103989745,28,1,0
1155,181,82,25.029760996306585,34,0,1
1156,171,58,19.83516295612325,33,0,1
1157,160,50,19.53125,27,1,0
1158,152,40,17.31301939058172,27,1,0
1159,167,50,17.92821542543655,21,1,0
1160,175,70,22.857142857142854,29,0,1
1161,177,73,23.301094832264038,32,0,1
1162,170,58,20.069204152249142,30,0,1
1163,160,43,16.796874999999996,36,1,0
1164,158,55,22.031725684986377,25,1,0
1165,172,56,18.929150892374263,37,0,1
1166,161,51,19.675166853130666,38,1,0
1167,164,49,18.218322427126715,34,1,0
1168,180,62,19.1358024691358,23,0,1
1169,168,52,18.42403628117914,26,0,1
1170,172,60,20.281233098972415,40,0,1
1171,180,95,29.320987654320987,37,0,1
1172,159,50,19.77769866698311,30,0,1
1173,185,68,19.868517165814463,30,0,1
1174,168,60,21.258503401360546,36,0,1
1175,159,46,18.195482773624462,31,1,0
1176,179,67,20.91070815517618,29,0,1
1177,158,43,17.224803717352987,20,0,1
1178,183,84,25.082863029651524,32,0,1
1179,162,47,17.90885535741502,20,1,0
1180,183,68,20.305174833527428,34,0,1
1181,171,65,22.229061933586408,27,0,1
1182,167,61,21.872422819032593,29,0,1
1183,190,76,21.05263157894737,30,0,1
1184,175,67,21.877551020408163,32,0,1
1185,157,50,20.28479857195018,37,1,0
1186,175,80,26.12244897959184,37,0,1
1187,153,55,23.495236874706308,29,1,0
1188,174,57,18.826793499801823,25,0,1
1189,152,42,18.178670360110804,30,1,0
1190,161,45,17.360441340997642,27,0,1
1191,164,90,33.462224866151104,37,1,0
1192,172,69,23.323418063818284,34,0,1
1193,147,40,18.510805682817345,36,1,0
1194,157,43,17.444926771877153,37,1,0
1195,173,63,21.04981790236894,37,0,1
1196,156,47,19.312952005259696,33,1,0
1197,167,64,22.948115744558788,35,0,1
1198,169,63,22.058051188683876,40,0,1
1199,168,48,17.006802721088437,26,1,0
1200,170,73,25.259515570934262,32,0,1
1201,173,57,19.045073340238567,25,0,1
1202,170,63,21.799307958477513,34,0,1
1203,169,62,21.707923392038094,33,0,1
1204,172,64,21.63331530557058,30,0,1
1205,159,50,19.77769866698311,32,0,1
1206,158,44,17.625380547989106,27,1,0
1207,180,72,22.222222222222218,33,0,1
1208,160,46,17.968749999999996,25,1,0
1209,170,41,14.186851211072664,32,1,0
1210,171,57,19.493177387914233,38,0,1
1211,1637,44,0.16419325695610326,22,1,0
1212,170,57,19.723183391003467,26,0,1
1213,164,45,16.731112433075552,25,1,0
1214,171,56,19.15119181970521,40,0,1
1215,150,40,17.777777777777782,25,1,0
1216,176,65,20.983987603305785,40,0,1
1217,158,40,16.023073225444634,28,1,0
1218,160,41,16.015624999999996,21,1,0
1219,158,70,28.040378144528123,23,1,0
1220,162,50,19.05197378448407,24,1,0
1221,175,72,23.510204081632647,36,0,1
1222,170,50,17.301038062283734,18,0,1
1223,182,120,36.22750875498128,28,0,1
1224,165,57,20.936639118457304,31,0,1
1225,171,65,22.229061933586408,39,0,1
1226,162,49,18.670934308794386,26,1,0
1227,155,45,18.730489073881373,21,1,0
1228,164,52,19.33372992266508,24,0,1
1229,170,57,19.723183391003467,25,0,1
1230,176,62,20.015495867768603,40,0,1
1231,175,65,21.224489795918366,38,0,1
1232,170,75,25.951557093425606,30,0,1
1233,160,45,17.578124999999996,29,1,0
1234,172,72,24.337479718766904,30,0,1
1235,164,67,24.91076740035693,33,0,1
1236,174,62,20.478266613819528,33,0,1
1237,178,63,19.88385304885747,38,0,1
1238,161,49,18.90359168241966,39,1,0
1239,159,48,18.986590720303784,27,1,0
1240,159,44,17.404374826945133,27,1,0
1241,174,65,21.469150482230148,26,0,1
1242,160,47,18.359375,40,1,0
1243,155,43,17.898022892819977,34,1,0
1244,168,56,19.841269841269842,32,1,0
1245,176,62,20.015495867768603,39,0,1
1246,170,72,24.913494809688586,28,0,1
1247,170,55,19.031141868512112,26,0,1
1248,161,45,17.360441340997642,28,1,0
1249,172,72,24.337479718766904,31,0,1
1250,155,44,18.314255983350677,32,0,1
1251,157,45,18.25631871475516,19,1,0
1252,162,46,17.527815881725342,27,1,0
1253,178,67,21.146319909102388,21,0,1
1254,180,64,19.753086419753085,35,0,1
1255,167,65,23.306680053067517,33,0,1
1256,180,73,22.53086419753086,30,0,1
1257,178,64,20.199469763918696,29,0,1
1258,153,45,19.223375624759708,29,1,0
1259,158,48,19.227687870533565,31,1,0
1260,176,60,19.369834710743802,24,0,1
1261,174,54,17.8359096313912,33,0,1
1262,158,41,16.423650056080753,34,1,0
1263,181,115,35.10271359238118,30,0,1
1264,168,76,26.927437641723362,29,1,0
1265,167,55,19.721036967980208,20,0,1
1266,153,50,21.359306249733013,15,0,1
1267,180,70,21.604938271604933,23,0,1
1268,167,56,20.07960127648894,31,0,1
1269,175,86,28.081632653061227,30,0,1
1270,156,44,18.080210387902685,24,1,0
1271,153,48,20.504933999743688,36,1,0
1272,159,47,18.59103674696412,31,1,0
1273,156,56,23.011176857330703,32,1,0
1274,173,58,19.37919743392696,39,0,1
1275,168,73,25.864512471655328,31,0,1
1276,148,38,17.348429510591675,35,1,0
1277,180,65,20.061728395061728,37,0,1
1278,154,45,18.97453196154495,31,1,0
1279,167,50,17.92821542543655,34,1,0
1280,164,42,15.615704937537187,23,1,0
1281,145,31,14.744351961950061,17,1,0
1282,160,39,15.234374999999995,18,1,0
1283,148,37,16.89189189189189,15,0,1
1284,165,43,15.794306703397615,16,1,0
1285,128,26,15.869140625,17,1,0
1286,175,57,18.612244897959183,24,0,1
1287,162,47,17.90885535741502,40,1,0
1288,175,67,21.877551020408163,40,0,1
1289,171,59,20.177148524332274,35,0,1
1290,157,52,21.096190514828187,29,1,0
1291,180,70,21.604938271604933,31,0,1
1292,182,68,20.528921627822726,39,0,1
1293,163,48,18.06616733787497,39,0,1
1294,177,62,19.789970953429727,25,0,1
1295,171,59,20.177148524332274,33,0,1
1296,185,70,20.45288531775018,38,0,1
1297,164,46,17.102914931588344,32,1,0
1298,152,43,18.611495844875343,32,1,0
1299,158,44,17.625380547989106,36,1,0
1300,168,53,18.778344671201822,35,1,0
1301,163,49,18.442545824080696,27,1,0
1302,176,63,20.338326446280988,28,0,1
1303,171,90,30.77870113881195,34,0,1
1304,158,51,20.429418362441915,31,1,0
1305,168,475,168.29648526077102,27,1,0
1306,163,47,17.68978885166924,31,1,0
1307,162,45,17.146776406035663,24,1,0
1308,164,45,16.731112433075552,27,1,0
1309,165,45,16.528925619834713,32,1,0
1310,150,40,17.777777777777782,17,0,1
1311,166,58,21.04804761213529,29,0,1
1312,151,39,17.104512959957898,16,0,1
1313,173,57,19.045073340238567,34,0,1
1314,160,46,17.968749999999996,37,1,0
1315,183,120,35.832661470930745,30,0,1
1316,172,66,22.30935640886966,40,0,1
1317,158,49,19.62826470116968,27,1,0
1318,165,49,17.99816345270891,32,1,0
1319,164,46,17.102914931588344,37,0,1
1320,170,56,19.377162629757787,37,0,1
1321,142,34,16.86173378297957,17,0,1
1322,155,42,17.481789802289278,21,1,0
1323,144,26,12.53858024691358,16,1,0
1324,158,40,16.023073225444634,26,1,0
1325,1498,38,0.16934016160399,26,1,0
1326,1655,83,0.3030275371710736,33,0,1
1327,158,43,17.224803717352987,29,1,0
1328,160,42,16.406249999999996,33,1,0
1329,162,42,16.00365797896662,26,1,0
1330,157,42,17.03923080043815,32,1,0
1331,186,72,20.811654526534856,32,0,1
1332,160,48,18.75,39,1,0
1333,148,37,16.89189189189189,23,1,0
1334,181,74,22.58783309422789,35,0,1
1335,165,48,17.63085399449036,24,1,0
1336,172,60,20.281233098972415,40,0,1
1337,153,58,24.776795249690288,26,1,0
1338,161,47,18.13201651170865,36,1,0
1339,180,60,18.51851851851852,34,0,1
1340,166,30,10.886921178690667,16,1,0
1341,180,56,17.28395061728395,26,0,1
1342,184,81,23.924858223062376,38,0,1
1343,172,62,20.9572742022715,40,0,1
1344,171,57,19.493177387914233,29,0,1
1345,158,52,20.82999519307803,30,1,0
1346,155,40,16.649323621227886,16,0,1
1347,168,56,19.841269841269842,31,1,0
1348,151,43,18.85882198149204,22,1,0
1349,163,48,18.06616733787497,29,1,0
1350,160,50,19.53125,36,1,0
1351,156,46,18.902038132807366,35,1,0
1352,163,49,18.442545824080696,34,1,0
1353,163,53,19.948059768903608,33,0,1
1354,170,87,30.103806228373703,26,0,1
1355,182,65,19.623233908948194,28,0,1
1356,162,49,18.670934308794386,26,1,0
1357,170,52,17.99307958477509,32,0,1
1358,152,45,19.47714681440443,28,1,0
1359,167,52,18.64534404245401,27,1,0
1360,1785,107,0.3358206027509042,32,0,1
1361,157,46,18.662014686194166,34,1,0
1362,158,48,19.227687870533565,29,1,0
1363,165,50,18.365472910927462,32,1,0
1364,164,49,18.218322427126715,37,1,0
1365,163,46,17.31341036546351,37,1,0
1366,152,47,20.34279778393352,25,1,0
1367,157,45,18.25631871475516,19,1,0
1368,156,46,18.902038132807366,32,1,0
1369,150,42,18.666666666666668,34,1,0
1370,150,42,18.666666666666668,33,1,0
1371,168,48,17.006802721088437,31,1,0
1372,160,45,17.578124999999996,35,1,0
1373,178,60,18.937002903673783,31,0,1
1374,149,39,17.56677627133913,25,1,0
1375,160,46,17.968749999999996,25,0,1
1376,160,49,19.140625,35,1,0
1377,185,68,19.868517165814463,24,0,1
1378,180,63,19.444444444444443,40,0,1
1379,169,60,21.00766779874655,39,0,1
1380,165,51,18.732782369146012,29,1,0
1381,179,57,17.789706937985702,34,0,1
1382,162,46,17.527815881725342,32,1,0
1383,169,56,19.607156612163447,32,0,1
1384,174,64,21.13885585942661,27,0,1
1385,164,45,16.731112433075552,35,1,0
1386,183,58,17.319119710949863,25,0,1
1387,152,43,18.611495844875343,35,1,0
1388,161,46,17.74622892635315,25,1,0
1389,154,45,18.97453196154495,29,1,0
1390,160,38,14.843749999999995,25,1,0
1391,162,45,17.146776406035663,29,1,0
1392,125,22,14.08,16,0,1
1393,178,70,22.093170054286073,29,0,1
1394,175,59,19.26530612244898,34,0,1
1395,156,39,16.025641025641026,15,1,0
1396,170,55,19.031141868512112,26,0,1
1397,162,52,19.81405273586343,28,0,1
1398,154,49,20.66115702479339,28,1,0
1399,158,52,20.82999519307803,32,1,0
1400,1594,53,0.2085927623821451,25,1,0
1401,161,70,27.005130974885226,25,1,0
1402,175,59,19.26530612244898,38,0,1
1403,165,49,17.99816345270891,36,1,0
1404,157,50,20.28479857195018,39,1,0
1405,152,45,19.47714681440443,30,1,0
1406,160,52,20.3125,33,1,0
1407,161,56,21.60410477990818,37,1,0
1408,161,49,18.90359168241966,30,1,0
1409,164,53,19.705532421177875,33,1,0
1410,1582,49,0.19578667084344895,31,1,0
1411,162,47,17.90885535741502,25,1,0
1412,1545,335,1.4034205758213676,17,1,0
1413,176,62,20.015495867768603,27,0,1
1414,173,63,21.04981790236894,36,0,1
1415,1865,82,0.2357524311969468,34,0,1
1416,171,66,22.57104750179543,36,0,1
1417,157,41,16.633534828999146,31,1,0
1418,166,50,18.144868631151112,32,1,0
1419,176,63,20.338326446280988,34,0,1
1420,183,64,19.1107527844964,27,0,1
1421,186,72,20.811654526534856,35,0,1
1422,177,68,21.705129432793893,26,0,1
1423,157,48,19.473406629072173,30,1,0
1424,159,50,19.77769866698311,35,1,0
1425,182,70,21.132713440405745,37,0,1
1426,164,51,18.961927424152293,37,1,0
1427,134,22,12.252171975941188,15,1,0
1428,129,23,13.821284778558981,15,1,0
1429,171,60,20.519134092541297,30,0,1
1430,146,50,23.45655845374367,28,1,0
1431,167,54,19.362472659471475,28,0,1
1432,154,43,18.13121942992073,23,1,0
1433,140,285,145.40816326530614,15,0,1
1434,170,58,20.069204152249142,32,0,1
1435,185,68,19.868517165814463,27,0,1
1436,175,64,20.897959183673468,26,0,1
1437,170,57,19.723183391003467,30,0,1
1438,150,24,10.666666666666666,16,1,0
1439,151,57,24.99890355686155,28,1,0
1440,1599,579,2.2645485510995966,28,0,1
1441,154,48,20.23950075898128,27,1,0
1442,1685,58,0.2042810978347964,40,0,1
1443,178,63,19.88385304885747,38,0,1
1444,179,68,21.22280827689523,35,0,1
1445,174,56,18.49649887699828,33,0,1
1446,167,62,22.230987127541326,33,0,1
1447,170,60,20.76124567474049,26,0,1
1448,164,75,27.885187388459247,29,1,0
1449,160,54,21.09375,37,0,1
1450,170,62,21.453287197231838,33,0,1
1451,172,60,20.281233098972415,38,0,1
1452,170,50,17.301038062283734,32,0,1
1453,163,48,18.06616733787497,33,1,0
1454,1645,47,0.17368649587494575,25,1,0
1455,161,45,17.360441340997642,29,1,0
1456,163,48,18.06616733787497,27,1,0
1457,182,60,18.11375437749064,27,0,1
1458,183,65,19.40935829675416,38,0,1
1459,158,58,23.233456176894727,37,1,0
1460,174,48,15.854141894569954,21,0,1
1461,182,57,17.208066658616108,26,0,1
1462,165,62,22.773186409550053,35,0,1
1463,169,66,23.1084345786212,25,0,1
1464,160,42,16.406249999999996,26,1,0
1465,180,97,29.93827160493827,26,0,1
1466,170,64,22.14532871972318,37,0,1
1467,175,56,18.285714285714285,36,0,1
1468,176,56,18.07851239669421,31,0,1
1469,144,43,20.736882716049386,17,0,1
1470,160,49,19.140625,40,1,0
1471,165,53,19.467401285583104,27,0,1
1472,172,60,20.281233098972415,39,0,1
1473,170,68,23.529411764705888,38,0,1
1474,150,31,13.777777777777779,17,1,0
1475,170,56,19.377162629757787,38,0,1
1476,163,31,11.667733072377587,18,0,1
1477,159,48,18.986590720303784,39,0,1
1478,166,47,17.056176513282043,33,1,0
1479,168,48,17.006802721088437,33,1,0
1480,160,43,16.796874999999996,35,1,0
1481,180,66,20.37037037037037,31,0,1
1482,158,45,18.02595737862522,38,1,0
1483,156,45,18.491124260355033,23,1,0
1484,161,475,183.249103043864,20,1,0
1485,151,43,18.85882198149204,24,1,0
1486,161,42,16.203078584931134,21,1,0
1487,157,46,18.662014686194166,19,1,0
1488,173,62,20.715693808680545,33,0,1
1489,183,67,20.006569321269673,40,0,1
1490,171,68,23.255018638213468,32,0,1
1491,187,65,18.58789213303211,31,0,1
1492,177,68,21.705129432793893,29,0,1
1493,170,59,20.415224913494807,18,0,1
1494,170,56,19.377162629757787,32,0,1
1495,167,80,28.685144680698485,35,0,1
1496,162,48,18.289894833104707,29,1,0
1497,168,52,18.42403628117914,36,0,1
1498,177,55,17.555619394171533,25,0,1
1499,164,52,19.33372992266508,28,0,1
1500,173,60,20.047445621303748,28,0,1
1501,175,50,16.3265306122449,29,0,1
1502,173,58,19.37919743392696,28,0,1
1503,156,43,17.66929651545036,35,1,0
1504,174,67,22.12973972783723,39,0,1
1505,1505,40,0.17659849229037206,30,1,0
1506,166,52,18.870663376397157,32,1,0
1507,155,45,18.730489073881373,34,1,0
1508,158,47,18.82711103989745,37,1,0
1509,184,63,18.608223062381853,30,0,1
1510,156,40,16.43655489809336,36,1,0
1511,175,70,22.857142857142854,30,0,1
1512,161,44,16.97465375564214,29,1,0
1513,168,53,18.778344671201822,39,0,1
1514,178,68,21.461936624163613,38,0,1
1515,170,48,16.60899653979239,28,1,0
1516,165,55,20.202020202020204,28,1,0
1517,178,69,21.777553339224845,38,0,1
1518,163,45,16.937031879257788,33,1,0
1519,161,48,18.517804097064158,37,1,0
1520,152,377,163.17520775623268,26,1,0
1521,171,62,21.203105228959338,34,0,1
1522,171,64,21.88707636537739,35,0,1
1523,174,65,21.469150482230148,29,0,1
1524,178,75,23.67125362959223,36,0,1
1525,183,62,18.513541759980885,22,0,1
1526,170,50,17.301038062283734,30,1,0
1527,175,60,19.59183673469388,37,0,1
1528,165,58,21.30394857667585,32,0,1
1529,162,40,15.241579027587257,34,1,0
1530,161,47,18.13201651170865,29,1,0
1531,155,44,18.314255983350677,32,1,0
1532,173,62,20.715693808680545,40,0,1
1533,176,65,20.983987603305785,31,0,1
1534,167,54,19.362472659471475,28,0,1
1535,175,63,20.571428571428573,35,0,1
1536,178,51,16.09645246812271,25,0,1
1537,155,47,19.562955254942764,37,1,0
1538,175,60,19.59183673469388,33,0,1
1539,157,45,18.25631871475516,39,1,0
1540,172,49,16.563007030827475,25,1,0
1541,170,70,24.22145328719723,39,0,1
1542,155,48,19.979188345473467,33,1,0
1543,174,68,22.460034350640765,37,0,1
1544,163,45,16.937031879257788,32,1,0
1545,178,70,22.093170054286073,29,0,1
1546,165,50,18.365472910927462,29,1,0
1547,158,49,19.62826470116968,28,0,1
1548,183,105,31.353578787064404,40,0,1
1549,172,83,28.05570578691185,39,0,1
1550,180,102,31.48148148148148,40,0,1
1551,191,107,29.330336339464377,34,0,1
1552,180,102,31.48148148148148,40,0,1
1553,175,69,22.530612244897963,41,0,1
1554,171,69,23.597004206422486,39,0,1
1555,182,67,20.227025721531216,40,0,1
1556,175,62,20.244897959183675,37,0,1
1557,161,47,18.13201651170865,31,1,0
1558,178,57,17.99015275849009,26,0,1
1559,167,48,17.21108680841909,21,0,1
1560,159,44,17.404374826945133,24,1,0
1561,181,93,28.387411861664788,40,0,1
1562,172,67,22.647376960519203,33,0,1
1563,157,58,23.53036634346221,30,1,0
1564,167,55,19.721036967980208,35,0,1
1565,174,70,23.12062359624785,37,0,1
1566,155,51,21.227887617065555,29,1,0
1567,163,49,18.442545824080696,26,1,0
1568,163,47,17.68978885166924,36,1,0
1569,155,39,16.23309053069719,29,1,0
1570,178,58,18.305769473551322,27,0,1
1571,170,55,19.031141868512112,32,0,1
1572,181,67,20.45114617990904,32,0,1
1573,162,31,11.812223746380123,18,1,0
1574,172,48,16.224986479177936,30,1,0
1575,176,65,20.983987603305785,33,0,1
1576,176,54,17.43285123966942,30,0,1
1577,176,60,19.369834710743802,30,0,1
1578,182,63,19.01944209636517,37,0,1
1579,170,92,31.83391003460208,35,0,1
1580,164,45,16.731112433075552,27,1,0
1581,161,44,16.97465375564214,23,1,0
1582,182,68,20.528921627822726,29,0,1
1583,155,44,18.314255983350677,27,1,0
1584,150,50,22.222222222222218,27,1,0
1585,153,42,17.941817249775728,35,1,0
1586,173,80,26.729927495071674,35,0,1
1587,174,60,19.817677368212443,36,0,1
1588,172,55,18.591130340724717,23,0,1
1589,163,53,19.948059768903608,26,0,1
1590,175,63,20.571428571428573,29,0,1
1591,166,48,17.419073885905068,27,1,0
1592,164,48,17.846519928613922,28,1,0
1593,176,67,21.62964876033058,37,0,1
1594,172,62,20.9572742022715,31,0,1
1595,152,42,18.178670360110804,29,1,0
1596,157,47,19.067710657633167,34,1,0
1597,170,62,21.453287197231838,27,0,1
1598,160,46,17.968749999999996,32,1,0
1599,153,445,190.09782562262382,27,1,0
1600,165,53,19.467401285583104,28,0,1
1601,139,275,142.33217742352883,17,1,0
1602,164,42,15.615704937537187,16,1,0
1603,156,52,21.367521367521366,38,1,0
1604,171,70,23.93898977463151,30,0,1
1605,180,68,20.987654320987648,33,0,1
1606,175,62,20.244897959183675,33,0,1
1607,177,60,19.15158479364167,26,0,1
1608,167,53,19.003908350962746,31,0,1
1609,175,70,22.857142857142854,31,0,1
1610,159,52,20.568806613662428,34,0,1
1611,158,43,17.224803717352987,22,1,0
1612,171,63,21.545090797168363,36,0,1
1613,164,49,18.218322427126715,35,1,0
1614,172,65,21.97133585722012,30,0,1
1615,172,57,19.2671714440238,27,0,1
1616,156,42,17.258382642998026,33,1,0
1617,178,60,18.937002903673783,27,0,1
1618,156,48,19.72386587771203,29,1,0
1619,162,45,17.146776406035663,33,1,0
1620,183,75,22.395413419331717,35,0,1
1621,150,39,17.333333333333332,19,0,1
1622,183,60,17.916330735465372,29,0,1
1623,166,45,16.330381768036002,39,1,0
1624,172,55,18.591130340724717,31,0,1
1625,177,68,21.705129432793893,38,0,1
1626,153,70,29.903028749626213,40,0,1
1627,1685,53,0.1866706583662795,37,1,0
1628,173,49,16.372080590731393,28,1,0
1629,162,43,16.384697454656294,30,1,0
1630,158,48,19.227687870533565,25,1,0
1631,177,60,19.15158479364167,39,0,1
1632,174,61,20.147971991015986,39,0,1
1633,174,52,17.17532038578412,34,0,1
1634,175,68,22.20408163265306,31,0,1
1635,162,47,17.90885535741502,30,1,0
1636,164,54,20.077334919690664,36,0,1
1637,160,44,17.187499999999996,34,1,0
1638,175,65,21.224489795918366,28,0,1
1639,159,46,18.195482773624462,29,1,0
1640,159,53,20.964360587002094,38,1,0
1641,179,68,21.22280827689523,38,0,1
1642,150,40,17.777777777777782,33,1,0
1643,170,53,18.339100346020764,31,0,1
1644,174,52,17.17532038578412,29,0,1
1645,154,46,19.396188227357055,31,1,0
1646,172,53,17.915089237425637,26,0,1
1647,178,60,18.937002903673783,30,0,1
1648,153,64,27.339911999658252,37,1,0
1649,183,61,18.214936247723127,34,0,1
1650,162,50,19.05197378448407,28,1,0
1651,163,48,18.06616733787497,28,1,0
1652,178,61,19.252619618735007,29,0,1
1653,180,110,33.95061728395061,35,0,1
1654,173,67,22.386314277122523,28,0,1
1655,151,36,15.788781193807287,17,1,0
1656,160,46,17.968749999999996,35,1,0
1657,174,63,20.808561236623067,38,0,1
1658,171,51,17.441263978660107,39,1,0
1659,150,37,16.444444444444443,23,1,0
1660,152,38,16.44736842105263,16,1,0
1661,165,58,21.30394857667585,24,0,1
1662,172,58,19.60519199567334,38,0,1
1663,170,65,22.49134948096886,33,0,1
1664,170,57,19.723183391003467,37,0,1
1665,179,65,20.286507911738084,37,0,1
1666,176,60,19.369834710743802,32,0,1
1667,175,62,20.244897959183675,31,0,1
1668,153,40,17.087444999786403,20,1,0
1669,176,57,18.401342975206614,31,0,1
1670,152,39,16.880193905817176,18,1,0
1671,171,78,26.674874320303694,39,0,1
1672,174,71,23.45091821905139,37,0,1
1673,175,78,25.469387755102037,40,0,1
1674,164,55,20.449137418203453,37,0,1
1675,177,70,22.343515592581948,34,0,1
1676,178,68,21.461936624163613,33,0,1
1677,157,49,19.87910260051117,40,1,0
1678,163,45,16.937031879257788,33,1,0
1679,181,73,22.28259210646805,35,0,1
1680,168,54,19.132653061224488,33,1,0
1681,178,60,18.937002903673783,37,0,1
1682,174,63,20.808561236623067,40,0,1
1683,174,67,22.12973972783723,31,0,1
1684,172,60,20.281233098972415,37,0,1
1685,180,62,19.1358024691358,21,0,1
1686,180,65,20.061728395061728,28,0,1
1687,163,43,16.184274906846326,21,1,0
1688,182,66,19.925129815239703,31,0,1
1689,157,50,20.28479857195018,40,1,0
1690,176,63,20.338326446280988,26,0,1
1691,166,52,18.870663376397157,27,1,0
1692,152,45,19.47714681440443,39,1,0
1693,182,63,19.01944209636517,36,0,1
1694,182,65,19.623233908948194,40,0,1
1695,161,47,18.13201651170865,29,1,0
1696,163,54,20.32443825510934,28,1,0
1697,157,53,21.50188648626719,34,1,0
1698,153,46,19.650561749754367,35,1,0
1699,148,42,19.1745799853908,32,1,0
1700,174,72,23.78121284185493,38,0,1
1701,170,78,26.989619377162636,34,0,1
1702,156,53,21.778435239973696,28,1,0
1703,158,50,20.028841531805803,37,1,0
1704,165,52,19.100091827364558,30,1,0
1705,169,63,22.058051188683876,34,0,1
1706,158,50,20.028841531805803,28,0,1
1707,165,47,17.263544536271812,32,1,0
1708,184,72,21.26654064272212,36,0,1
1709,160,52,20.3125,32,1,0
1710,173,53,17.70857696548498,30,0,1
1711,168,50,17.71541950113379,32,1,0
1712,155,45,18.730489073881373,33,1,0
1713,165,45,16.528925619834713,31,1,0
1714,176,66,21.306818181818183,27,0,1
1715,172,57,19.2671714440238,27,0,1
1716,177,63,20.109164033323754,29,0,1
1717,186,65,18.78829922534397,27,0,1
1718,155,39,16.23309053069719,19,1,0
1719,161,49,18.90359168241966,29,1,0
1720,165,65,23.875114784205696,29,0,1
1721,180,62,19.1358024691358,31,0,1
1722,155,44,18.314255983350677,31,1,0
1723,165,44,16.161616161616163,17,0,1
1724,186,82,23.702162099664697,35,0,1
1725,158,45,18.02595737862522,31,1,0
1726,134,29,16.150590331922473,17,0,1
1727,175,65,21.224489795918366,33,0,1
1728,162,45,17.146776406035663,30,1,0
1729,181,72,21.97735111870822,39,0,1
1730,156,42,17.258382642998026,36,1,0
1731,174,57,18.826793499801823,25,0,1
1732,180,101,31.17283950617284,39,0,1
1733,182,70,21.132713440405745,23,0,1
1734,163,50,18.818924310286427,36,1,0
1735,162,65,24.767565919829288,36,0,1
1736,158,40,16.023073225444634,20,0,1
1737,151,40,17.543090215341433,24,1,0
1738,160,48,18.75,39,1,0
1739,180,64,19.753086419753085,33,0,1
1740,175,60,19.59183673469388,34,0,1
1741,178,65,20.515086478979928,25,0,1
1742,1826,65,0.19494486959087967,32,0,1
1743,175,61,19.918367346938776,32,0,1
1744,171,98,33.51458568448412,34,0,1
1745,187,67,19.159827275586945,29,0,1
1746,169,67,23.45856237526697,27,0,1
1747,168,52,18.42403628117914,29,1,0
1748,174,52,17.17532038578412,36,0,1
1749,166,63,22.862534475250396,29,0,1
1750,177,68,21.705129432793893,39,0,1
1751,180,74,22.839506172839503,37,0,1
1752,174,72,23.78121284185493,26,0,1
1753,154,42,17.709563164108623,26,1,0
1754,182,130,39.24646781789639,37,0,1
1755,155,47,19.562955254942764,28,1,0
1756,183,70,20.902385858042933,38,0,1
1757,188,76,21.50294250792214,32,0,1
1758,180,63,19.444444444444443,38,0,1
1759,171,62,21.203105228959338,34,0,1
1760,178,62,19.56823633379624,35,0,1
1761,153,40,17.087444999786403,30,1,0
1762,170,51,17.647058823529417,39,0,1
1763,174,65,21.469150482230148,40,0,1
1764,174,60,19.817677368212443,39,0,1
1765,173,70,23.388686558187707,40,0,1
1766,178,70,22.093170054286073,32,0,1
1767,174,60,19.817677368212443,31,0,1
1768,168,54,19.132653061224488,27,0,1
1769,172,59,19.94321254732288,31,0,1
1770,163,55,20.70081674131507,36,0,1
1771,156,40,16.43655489809336,21,0,1
1772,174,54,17.8359096313912,34,0,1
1773,172,48,16.224986479177936,35,1,0
1774,165,43,15.794306703397615,29,1,0
1775,170,55,19.031141868512112,28,0,1
1776,177,67,21.385936352899872,34,0,1
1777,175,57,18.612244897959183,40,0,1
1778,177,63,20.109164033323754,38,0,1
1779,178,60,18.937002903673783,36,0,1
1780,154,44,18.55287569573284,21,1,0
1781,180,60,18.51851851851852,36,0,1
1782,177,58,18.513198633853616,40,0,1
1783,186,78,22.54595907041276,36,0,1
1784,164,49,18.218322427126715,31,1,0
1785,170,59,20.415224913494807,32,0,1
1786,168,52,18.42403628117914,32,1,0
1787,170,58,20.069204152249142,38,0,1
1788,184,68,20.085066162570886,27,0,1
1789,160,48,18.75,27,1,0
1790,179,60,18.726007303142847,25,0,1
1791,156,25,10.27284681130835,15,1,0
1792,180,67,20.679012345679013,39,0,1
1793,168,49,17.361111111111118,34,1,0
1794,180,68,20.987654320987648,38,0,1
1795,157,43,17.444926771877153,18,1,0
1796,180,65,20.061728395061728,32,0,1
1797,155,43,17.898022892819977,39,1,0
1798,175,67,21.877551020408163,38,0,1
1799,166,80,29.03178980984178,38,0,1
1800,174,62,20.478266613819528,35,0,1
1801,160,52,20.3125,24,1,0
1802,180,67,20.679012345679013,35,0,1
1803,175,67,21.877551020408163,30,0,1
1804,156,55,22.600262984878373,16,0,1
1805,173,68,22.720438370810925,33,0,1
1806,173,68,22.720438370810925,38,0,1
1807,163,60,22.582709172343712,37,1,0
1808,150,45,20.0,28,1,0
1809,162,52,19.81405273586343,36,1,0
1810,182,60,18.11375437749064,26,0,1
1811,167,58,20.7967298935064,39,0,1
1812,182,81,24.45356840961236,35,0,1
1813,165,69,25.344352617079892,35,0,1
1814,159,55,21.75546853368142,35,1,0
1815,153,52,22.213678499722327,38,1,0
1816,150,40,17.777777777777782,39,1,0
1817,164,63,23.423557406305772,35,0,1
1818,163,53,19.948059768903608,34,0,1
1819,165,65,23.875114784205696,40,0,1
1820,163,51,19.195302796492157,40,1,0
1821,175,67,21.877551020408163,35,0,1
1822,161,50,19.28937926777516,35,1,0
1823,161,50,19.28937926777516,35,1,0
1824,172,60,20.281233098972415,36,0,1
1825,160,52,20.3125,38,1,0
1826,164,50,18.590124925639504,40,1,0
1827,180,68,20.987654320987648,35,0,1
1828,181,63,19.23018222886969,29,0,1
1829,172,51,17.239048134126552,28,1,0
1830,182,78,23.54788069073783,36,0,1
1831,167,69,24.740937287102447,40,0,1
1832,177,67,21.385936352899872,40,0,1
1833,164,46,17.102914931588344,37,1,0
1834,144,35,16.878858024691358,15,1,0
1835,160,47,18.359375,37,1,0
1836,165,52,19.100091827364558,38,0,1
1837,162,50,19.05197378448407,20,0,1
1838,155,47,19.562955254942764,15,1,0
1839,150,39,17.333333333333332,31,1,0
1840,165,50,18.365472910927462,32,0,1
1841,180,64,19.753086419753085,27,0,1
1842,173,75,25.059307026629693,30,0,1
1843,188,82,23.20054323223178,34,0,1
1844,162,53,20.195092211553114,35,1,0
1845,159,38,15.031050986907164,20,1,0
1846,176,54,17.43285123966942,32,0,1
1847,171,54,18.467220683287167,28,0,1
1848,185,81,23.66691015339664,38,0,1
1849,177,67,21.385936352899872,38,0,1
1850,184,74,21.85727788279773,28,0,1
1851,145,31,14.744351961950061,17,0,1
1852,157,57,23.1246703720232,32,1,0
1853,149,42,18.918066753749827,32,1,0
1854,163,57,21.453573713726524,29,0,1
1855,170,55,19.031141868512112,33,0,1
1856,174,63,20.808561236623067,35,0,1
1857,165,28,10.284664830119377,17,0,1
1858,151,85,37.27906670760054,33,1,0
1859,166,58,21.04804761213529,37,0,1
1860,158,50,20.028841531805803,34,1,0
1861,167,61,21.872422819032593,37,1,0
1862,157,47,19.067710657633167,18,1,0
1863,180,63,19.444444444444443,29,0,1
1864,164,51,18.961927424152293,40,0,1
1865,183,74,22.096807907073966,33,0,1
1866,175,72,23.510204081632647,30,0,1
1867,175,58,18.938775510204078,36,0,1
1868,159,46,18.195482773624462,32,1,0
1869,1665,56,0.20200380560740924,33,1,0
1870,156,46,18.902038132807366,20,0,1
1871,164,38,14.128494943486025,20,0,1
1872,166,50,18.144868631151112,31,0,1
1873,177,68,21.705129432793893,33,0,1
1874,147,43,19.89911610902865,31,1,0
1875,172,49,16.563007030827475,40,1,0
1876,181,67,20.45114617990904,29,0,1
1877,174,67,22.12973972783723,40,0,1
1878,173,70,23.388686558187707,35,0,1
1879,140,23,11.734693877551024,16,0,1
1880,175,65,21.224489795918366,27,0,1
1881,181,65,19.840664204389366,32,0,1
1882,166,53,19.233560749020175,30,0,1
1883,167,43,15.418265265875435,35,1,0
1884,165,49,17.99816345270891,35,1,0
1885,173,60,20.047445621303748,33,0,1
1886,174,69,22.79032897344431,36,0,1
1887,178,60,18.937002903673783,31,0,1
1888,167,62,22.230987127541326,36,0,1
1889,145,39,18.549346016646847,16,1,0
1890,176,61,19.692665289256198,27,0,1
1891,148,36,16.43535427319211,19,1,0
1892,169,55,19.257028815517668,33,1,0
1893,172,58,19.60519199567334,40,0,1
1894,174,100,33.029462280354075,40,0,1
1895,168,28,9.920634920634924,17,0,1
1896,170,50,17.301038062283734,21,0,1
1897,155,41,17.065556711758582,22,1,0
1898,155,60,24.973985431841825,31,0,1
1899,135,20,10.973936899862823,18,1,0
1900,157,44,17.85062274331616,23,1,0
1901,175,60,19.59183673469388,36,0,1
1902,179,65,20.286507911738084,35,0,1
1903,175,75,24.489795918367342,31,0,1
1904,156,40,16.43655489809336,37,1,0
1905,171,58,19.83516295612325,37,0,1
1906,175,67,21.877551020408163,35,0,1
1907,166,64,23.225431847873427,40,0,1
1908,172,58,19.60519199567334,39,0,1
1909,176,85,27.440599173553718,32,0,1
1910,166,78,28.305995064595734,32,0,1
1911,170,78,26.989619377162636,37,0,1
1912,171,66,22.57104750179543,38,0,1
1913,147,37,17.122495256606044,17,1,0
1914,1845,72,0.21151431026505388,28,0,1
1915,170,75,25.951557093425606,34,0,1
1916,183,61,18.214936247723127,31,0,1
1917,178,61,19.252619618735007,32,0,1
1918,177,68,21.705129432793893,40,0,1
1919,161,47,18.13201651170865,40,1,0
1920,165,55,20.202020202020204,30,0,1
1921,145,32,15.219976218787158,19,1,0
1922,169,53,18.55677322222612,40,0,1
1923,185,60,17.53104455807159,27,0,1
1924,157,44,17.85062274331616,37,1,0
1925,157,45,18.25631871475516,28,1,0
1926,176,75,24.212293388429757,39,0,1
1927,163,60,22.582709172343712,31,0,1
1928,1585,39,0.15524087213525858,23,1,0
1929,171,53,18.125235115078144,22,0,1
1930,156,45,18.491124260355033,31,1,0
1931,178,63,19.88385304885747,26,0,1
1932,186,102,29.483177245924377,33,0,1
1933,176,64,20.66115702479339,40,0,1
1934,180,62,19.1358024691358,27,0,1
1935,178,66,20.83070319404116,37,0,1
1936,170,55,19.031141868512112,35,0,1
1937,178,73,23.04002019946976,31,0,1
1938,173,66,22.052190183434128,33,0,1
1939,175,87,28.40816326530612,27,0,1
1940,138,30,15.752993068683052,18,1,0
1941,168,60,21.258503401360546,30,0,1
1942,180,69,21.296296296296294,35,0,1
1943,170,68,23.529411764705888,33,0,1
1944,174,65,21.469150482230148,40,0,1
1945,154,40,16.866250632484398,38,1,0
1946,171,59,20.177148524332274,40,0,1
1947,174,65,21.469150482230148,29,0,1
1948,160,55,21.484375,31,1,0
1949,181,70,21.366869143188552,31,0,1
1950,175,57,18.612244897959183,31,0,1
1951,177,68,21.705129432793893,34,0,1
1952,177,65,20.747550193111813,35,0,1
1953,157,45,18.25631871475516,17,0,1
1954,153,48,20.504933999743688,16,1,0
1955,153,42,17.941817249775728,18,1,0
1956,171,55,18.809206251496192,36,0,1
1957,160,72,28.124999999999996,38,0,1
1958,157,26,10.548095257414094,17,0,1
1959,165,51,18.732782369146012,33,1,0
1960,171,58,19.83516295612325,31,0,1
1961,153,52,22.213678499722327,32,1,0
1962,155,38,15.81685744016649,34,1,0
1963,175,635,207.34693877551018,19,0,1
1964,180,72,22.222222222222218,34,0,1
1965,181,67,20.45114617990904,40,0,1
1966,168,51,18.069727891156464,24,0,1
