id,name,height,weight,bmi
0,半野雅,176,65,20.983987603305785
1,竹森まりあ,162,43,16.384697454656298
2,松尾紘太朗,183,76,22.694018931589476
3,南部麻衣,157,48,19.473406629072173
4,関隼汰,174,58,19.157088122605362
5,釜木美緒,156,47,19.312952005259696
6,富樫慧士,178,64,20.199469763918696
7,中嶋真由佳,163,57,21.453573713726524
8,木村愛里,163,49,18.442545824080696
9,関山杏理,163,56,21.077195227520797
10,SOS,175,57,18.612244897959183
11,七海悠,1565,48,0.19598036113464462
12,小野寺崇,187,80,22.877405702193368
13,大原由暉,171,64,21.887076365377382
14,敬太,176,76,24.535123966942148
15,久遠莉子,160,48,18.749999999999996
16,石田卓也,172,56,18.92915089237426
17,佐々木りつ子,169,58,20.307412205454995
18,竹内將人,172,57,19.2671714440238
19,椚ありさ,152,39,16.880193905817176
20,高橋里央,170,57,19.723183391003463
21,小林亜美,157,45,18.25631871475516
22,後藤佑里奈,160,47,18.359374999999996
23,椎名慧都,156,48,19.72386587771203
24,太田亜希,167,51,18.286779733945284
25,野上綾花,168,55,19.48696145124717
26,福原まゆみ,159,49,19.382144693643447
27,飯見沙織,161,46,17.746228926353147
28,寺脇千恵,161,52,20.060954438486167
29,天明屋渚,158,49,19.62826470116968
30,増田あかね,160,52,20.312499999999996
31,高宮千尋,156,47,19.312952005259696
32,稀乃,164,52,19.333729922665082
33,中原美緒,161,54,20.832529609197174
34,うたのおねえさん,152,73,31.596260387811633
35,椎名一浩,171,66,22.571047501795427
36,金子由人,175,70,22.857142857142858
37,葛山陽平,174,62,20.478266613819528
38,キャプテン神作,175,70,22.857142857142858
39,松永涼平,176,65,20.983987603305785
40,深澤悠斗,169,61,21.35779559539232
41,谷拓哉,174,50,16.514731140177037
42,山名大貴,165,54,19.834710743801654
43,米村拓彰,180,65,20.061728395061728
44,ソルジャー藤巻,1776,64,0.20290560831101367
45,古谷みちる,156,576,236.68639053254435
46,舘田裕之,172,78,26.365603028664147
47,遠藤鮎喜,170,535,185.121107266436
48,須々田浩伎,178,55,17.35891932836763
49,本山功康,175,70,22.857142857142858
50,松井友作,180,64,19.753086419753085
51,櫻あゆこ,162,54,20.576131687242793
52,日原花怜,156,49,20.134779750164363
53,小池春香,158,46,18.426534209261334
54,植田紗世,160,56,21.874999999999996
55,根来将光,180,62,19.1358024691358
56,廣瀬雅明,175,77,25.142857142857142
57,木守智子,162,55,20.957171162932475
58,榛地良行,172,65,21.971335857220122
59,すいなつみ,167,50,17.92821542543655
60,久保田秀,183,62,18.513541759980885
61,星豪毅,169,57,19.95728440880922
62,宮田龍樹,182,65,19.623233908948194
63,野々山貴之,173,56,18.710949246550168
64,矢幡晃一,169,64,22.40817898532965
65,芦田崇,164,59,21.936347412254616
66,田中孝宗,179,74,23.095409007209515
67,森永友基,175,80,26.122448979591837
68,藤田一真,183,70,20.902385858042937
69,鯨井未呼斗,175,58,18.93877551020408
70,輝生かなで,167,51,18.286779733945284
71,栗原菜帆,168,53,18.77834467120182
72,ルイス魅麗セーラ,159,51,20.17325264032277
73,中原彩月,1642,51,0.18915763284429282
74,大橋直樹,156,47,19.312952005259696
75,白石花恋,156,23,9.451019066403681
76,岡施孜,171,55,18.80920625149619
77,川口未央,163,475,178.77978094772104
78,久永紗楽,160,40,15.624999999999996
79,上阪悠斗,150,37,16.444444444444443
80,朝井瞳子,162,48,18.289894833104707
81,舞沢萌愛未,169,47,16.45600644235146
82,佐々木瞳,162,49,18.670934308794386
83,椎名えり,158,48,19.227687870533565
84,元水颯香,152,48,20.775623268698062
85,三浦茉莉,170,51,17.647058823529413
86,志武明日香,156,45,18.49112426035503
87,難波なう,158,48,19.227687870533565
88,及川みなみ,161,60,23.147255121330193
89,岩越瑞季,148,40,18.261504747991236
90,市川愛梨,162,56,21.338210638622158
91,松岡岳,172,55,18.591130340724717
92,村上満理奈,161,51,19.675166853130666
93,パレット馬場,178,68,21.461936624163616
94,柴田勇貴,173,65,21.71806608974573
95,大谷貴文,171,102,34.88252795732021
96,飯島優太,166,50,18.144868631151112
97,長谷川かいま,1765,47,0.15087192738887242
98,土屋愛貴,157,49,19.879102600511175
99,高田ぽる子,152,52,22.506925207756233
100,寺田寛明,170,60,20.761245674740486
101,赤田小桜,154,40,16.866250632484398
102,上野恵佳,158,44,17.625380547989103
103,徳永夕夏,167,57,20.43816558499767
104,中野風音,163,52,19.57168128269788
105,石川湖太朗,174,64,21.13885585942661
106,後藤田しゅんすけ,169,52,18.20664542558034
107,黒条奏斗,172,60,20.281233098972418
108,川口友雅,174,56,18.49649887699828
109,内田智大,162,54,20.576131687242793
110,梅谷祐成,162,39,14.860539551897574
111,上阪隼人,153,372,158.91323849801358
112,平安伸伍,174,63,20.808561236623067
113,外井咲和子,168,56,19.841269841269845
114,宮本竜治,167,60,21.513858510523864
115,長澤佑香,165,48,17.63085399449036
116,天野眞隆,170,55,19.031141868512112
117,小西華鈴,157,45,18.25631871475516
118,小泉将臣,173,62,20.715693808680545
119,松田文香,162,49,18.670934308794386
120,麻央侑希,176,57,18.401342975206614
121,舘野将平,183,72,21.49959688255845
122,根本大介,163,58,21.829952199932254
123,池田永吉,173,115,38.42427077416552
124,小田川颯依,1745,54,0.1773384454971634
125,二平壮悟,180,56,17.28395061728395
126,守谷周徒,183,69,20.603780345785182
127,池田朋弘,169,58,20.307412205454995
128,星宏美,162,50,19.05197378448407
129,真田林佳,156,46,18.902038132807363
130,Aria,152,34,14.71606648199446
131,松井柚樹,159,56,22.151022507021082
132,迫田明衣子,162,62,23.624447492760247
133,櫻井佑樹,180,65,20.061728395061728
134,前田拳太郎,182,66,19.925129815239703
135,鶴田尚子,163,56,21.077195227520797
136,木村圭吾,179,73,22.783308885490467
137,宇賀見凪帆,161,615,237.25936499363448
138,眞田祐眞,173,63,21.04981790236894
139,中村巴弥,175,58,18.93877551020408
140,守山絵梨,165,51,18.73278236914601
141,小日向春平,170,63,21.79930795847751
142,みちお,170,95,32.871972318339104
143,どんぐりたけし,169,54,18.906901018871892
144,大園千紘,157,45,18.25631871475516
145,茎田俊幸,175,56,18.285714285714285
146,川越遼,177,615,196.30374413482716
147,瀧腰教寛,172,61,20.61925365062196
148,藤家矢麻刀,172,56,18.92915089237426
149,鶴田理紗,157,40,16.227838857560144
150,栗岩空澄,161,41,15.817290999575631
151,村杉泰葉,159,53,20.964360587002094
152,副島風,170,58,20.06920415224914
153,星川祐樹,174,59,19.487382745408905
154,伊能努,162,58,22.10028959000152
155,嘉蓮,177,61,19.4707778735357
156,吉乃爽夏,152,40,17.31301939058172
157,佐倉花怜,162,47,17.908855357415025
158,丸山昇平,175,62,20.244897959183675
159,多賀名啓太,170,55,19.031141868512112
160,小柴秀太,171,58,19.835162956123252
161,濱岡敬祐,172,77,26.027582477014604
162,新山航希,183,71,21.20099137030069
163,岩城風羽,150,40,17.77777777777778
164,加藤梓,158,57,22.832879346258608
165,吉田美緒,158,45,18.02595737862522
166,井田雄大,176,67,21.62964876033058
167,為永祐輔,166,65,23.588329220496444
168,斉藤直樹,170,62,21.453287197231838
169,岡田頼明,170,63,21.79930795847751
170,早苗翔太朗,168,58,20.549886621315196
171,田中孝征,167,55,19.721036967980208
172,兼元菜見子,158,54,21.63114885435026
173,中島文世,161,54,20.832529609197174
174,小川沙織,167,52,18.645344042454013
175,大山美咲,147,50,23.138507103521682
176,中田千尋,1467,48,0.223039102936728
177,萩原佳央里,159,53,20.964360587002094
178,石川裕梨,172,58,19.60519199567334
179,ふちがみまゆ,163,102,38.39060559298431
180,菊地彩香,160,45,17.578124999999996
181,横岡祐太,166,100,36.289737262302225
182,高橋活宏,176,57,18.401342975206614
183,二木二葉,153,45,19.223375624759708
184,早川尚也,167,115,41.23489547850407
185,花澤美紅,156,39,16.025641025641026
186,多田竜也,175,63,20.571428571428573
187,鬼倉龍大,184,75,22.152646502835537
188,坂詰健太,168,54,19.13265306122449
189,荒井啓汰,165,52,19.100091827364558
190,阿蘇尊,175,56,18.285714285714285
191,関本柊,177,98,31.28092182961473
192,三浦健人,174,59,19.487382745408905
193,布川ひろき,176,67,21.62964876033058
194,宮際いつき,155,50,20.811654526534856
195,マスター・ワト,177,87,27.769797950780426
196,榎本実里,160,418,163.28124999999997
197,山下みなみ,172,62,20.9572742022715
198,市岡清里,160,51,19.921874999999996
199,長代和昭,167,72,25.816630212628635
200,長田陽行,173,56,18.710949246550168
201,高島草太,169,53,18.556773222226116
202,野地禎人,177,58,18.513198633853616
203,平井早紀,153,48,20.504933999743688
204,永井絵梨沙,155,50,20.811654526534856
205,川畑蒿,175,60,19.591836734693878
206,榎本実里,160,418,163.28124999999997
207,山下みなみ,172,62,20.9572742022715
208,市岡清里,160,51,19.921874999999996
209,長代和昭,167,72,25.816630212628635
210,長田陽行,173,56,18.710949246550168
211,高島草太,169,53,18.556773222226116
212,野地禎人,177,58,18.513198633853616
213,平井早紀,153,48,20.504933999743688
214,永井絵梨沙,155,50,20.811654526534856
215,川畑蒿,175,60,19.591836734693878
216,松田綸,171,54,18.467220683287167
217,常磐ももか,168,54,19.13265306122449
218,北村夏未,160,44,17.187499999999996
219,木村絵美理,157,44,17.85062274331616
220,山本望,152,45,19.47714681440443
221,高橋伶奈,166,47,17.056176513282043
222,須田有砂美,158,48,19.227687870533565
223,橋本薫子,160,50,19.531249999999996
224,永野絵梨奈,162,42,16.00365797896662
225,山田ジャンゴ,172,63,21.29529475392104
226,金子祐史,176,64,20.66115702479339
227,高間大暉,181,64,19.53542321662953
228,岡田絆奈,161,47,18.132016511708652
229,小渡優菜,162,50,19.05197378448407
230,高原華乃,153,44,18.79618949976505
231,加藤菜穂子,157,445,180.5347072903566
232,折目真穂,157,47,19.067710657633167
233,山田和弘,175,74,24.163265306122447
234,小倉卓,167,65,23.306680053067517
235,望月聖羅,173,60,20.04744562130375
236,清水香穂,152,43,18.611495844875346
237,芽衣子,156,48,19.72386587771203
238,森神匠,184,85,25.10633270321361
239,ミカン,156,40,16.43655489809336
240,紫乃えみり,159,41,16.21771290692615
241,小木曽透,175,60,19.591836734693878
242,漆原志優,153,45,19.223375624759708
243,石田夏希,161,48,18.517804097064154
244,えんどぅ,184,76,22.448015122873343
245,静香,170,56,19.377162629757787
246,柏葉るの,160,47,18.359374999999996
247,日下部ほたる,160,46,17.968749999999996
248,河村ようこ,152,45,19.47714681440443
249,清水優,167,60,21.513858510523864
250,今江敏晃,180,89,27.469135802469133
251,Shion,167,53,19.003908350962746
252,ちびシャトル,147,43,19.899116109028647
253,志村魁,163,76,28.604764951635367
254,藤間宏衛門,169,51,17.856517628934565
255,平塚由佳,160,45,17.578124999999996
256,塩顕治,176,58,18.72417355371901
257,東美菜,155,44,18.314255983350673
258,大前喬一,170,62,21.453287197231838
259,かないしゅう,182,65,19.623233908948194
260,笠間優里,160,43,16.796874999999996
261,高橋侃,181,62,18.924941241109856
262,兼光ほのか,156,43,17.66929651545036
263,安里凌,170,55,19.031141868512112
264,増澤隼,169,59,20.65754000210077
265,宮近美涼,165,53,19.467401285583104
266,横川集人,177,62,19.789970953429727
267,吉田昂平,172,60,20.281233098972418
268,平塚心鈴,154,385,162.33766233766235
269,川島茜,161,54,20.832529609197174
270,寺浦麻貴,155,46,19.14672216441207
271,中尾聡,174,585,193.22235434007135
272,狭間涼太,177,68,21.705129432793896
273,古川顕寛,171,58,19.835162956123252
274,真木莉那,165,58,21.30394857667585
275,松下りおん,150,43,19.11111111111111
276,三宅唯真,150,48,21.333333333333332
277,森田花音,1535,38,0.16127492068881366
278,ゆきひこ,152,55,23.80540166204986
279,米島史子,163,50,18.818924310286427
280,須田拓未,173,60,20.04744562130375
281,神矢麗樺,160,45,17.578124999999996
282,猪谷茉由,160,50,19.531249999999996
283,工藤頌子,173,56,18.710949246550168
284,陽葵,161,54,20.832529609197174
285,植原彩織,162,52,19.81405273586343
286,深澤冠太,176,70,22.59814049586777
287,ノボせもんなべ,186,73,21.10070528384784
288,樹さくら,156,45,18.49112426035503
289,野口準,168,57,20.19557823129252
290,大川星哉,168,41,14.526643990929708
291,富田早紀,168,53,18.77834467120182
292,岡林佑香,158,465,186.26822624579393
293,小俣里奈,164,43,15.987507436049974
294,朝妻徹,170,60,20.761245674740486
295,中原央人,173,65,21.71806608974573
296,山根翔大,163,50,18.818924310286427
297,枯木隆志,172,67,22.647376960519203
298,辰己飛揚,180,77,23.76543209876543
299,琴井ありさ,157,48,19.473406629072173
300,咲村良子,165,50,18.36547291092746
301,ジャンプ中澤,158,486,194.68033968915236
302,田代源起,180,95,29.320987654320987
303,吉松ゴリラ,168,66,23.384353741496604
304,釘丸雅也,175,55,17.959183673469386
305,瑠南,161,47,18.132016511708652
306,しなの椰惠,160,52,20.312499999999996
307,林輝幸,165,57,20.936639118457304
308,河中奎人,171,54,18.467220683287167
309,たなしゅう,182,100,30.189590629151066
310,レッスン祐輝,174,85,28.075042938300964
311,町田慎之介,158,92,36.85306841852267
312,石川カズキ,170,58,20.06920415224914
313,街裏ぴんく,178,110,34.71783865673526
314,保田賢也,182,78,23.54788069073783
315,米村真理,156,405,166.42011834319524
316,野崎亨類,177,65,20.747550193111813
317,神谷翼,173,90,30.071168431955627
318,門下秀太郎,180,61,18.827160493827158
319,大友一生,175,52,16.979591836734695
320,濱津隆之,175,60,19.591836734693878
321,村田千弥,167,47,16.85252249991036
322,金澤佳世,170,52,17.99307958477509
323,福岡涼介,170,58,20.06920415224914
324,藤木智章,175,78,25.46938775510204
325,菅原ゆうき,173,60,20.04744562130375
326,福松凜,178,56,17.67453604342886
327,加藤峻也,165,49,17.99816345270891
328,池田竜渦爾,175,60,19.591836734693878
329,二宮来夢,160,48,18.749999999999996
330,佐藤栞,161,51,19.675166853130666
331,三和万亜子,150,38,16.88888888888889
332,上田航平,170,60,20.761245674740486
333,久野みずき,157,68,27.587326057852245
334,豊田豪,175,68,22.20408163265306
335,赤澤巴菜乃,163,48,18.06616733787497
336,久遠明日美,158,45,18.02595737862522
337,柴田瑠歌,156,43,17.66929651545036
338,古川凱偉,165,61,22.4058769513315
339,平野翔太,173,79,26.395803401383272
340,佐藤太助,165,66,24.242424242424246
341,道仙拓真,173,95,31.741788900397605
342,倉田大地,173,63,21.04981790236894
343,黒崎統司,177,60,19.15158479364167
344,井尻雅人,167,54,19.362472659471475
345,渡辺航平,181,67,20.45114617990904
346,いしいはじめ,172,64,21.63331530557058
347,久保田理仁,177,60,19.15158479364167
348,とだただし,177,63,20.109164033323754
349,吉本早苗,160,58,22.656249999999996
350,高橋綾,154,51,21.504469556417607
351,ベルサイユ,151,41,17.981667470724968
352,我こそは田中,168,53,18.77834467120182
353,松原タニシ,167,65,23.306680053067517
354,今牧輝琉,165,49,17.99816345270891
355,近藤綾香,161,48,18.517804097064154
356,星加莉佐,162,46,17.527815881725342
357,清水綾音,159,45,17.799928800284796
358,繁田梨世,166,49,17.78197125852809
359,大木場美鈴,157,47,19.067710657633167
360,工藤颯,185,65,18.991964937910883
361,岩崎良祐,177,62,19.789970953429727
362,津久井舞,160,50,19.531249999999996
363,黒澤優介,175,62,20.244897959183675
364,山碕薫太,182,63,19.01944209636517
365,岩井翔,175,57,18.612244897959183
366,宮澤裕介,177,62,19.789970953429727
367,安部洋花,158,52,20.82999519307803
368,中田翔真,149,49,22.071077879374805
369,宇佐美蘭,153,41,17.51463112478107
370,美馬アンナ,162,475,180.99375095259865
371,青木玄徳,180,65,20.061728395061728
372,澤田誠,173,63,21.04981790236894
373,柴小聖,163,47,17.68978885166924
374,野杁俊希,178,63,19.883853048857468
375,田中晃平,180,68,20.98765432098765
376,岩崎悠雅,170,57,19.723183391003463
377,林勇輝,182,62,18.717546190073662
378,森準人,181,65,19.840664204389366
379,崎本詩織,151,37,16.227358449190824
380,福本鴻介,169,70,24.508945765204302
381,伊藤圭伸,164,53,19.705532421177875
382,高橋かれん,159,395,156.24381946916657
383,右代啓祐,196,95,24.729279466888798
384,鮫島拓馬,1735,73,0.24250678935959932
385,浅見萌子,158,47,18.82711103989745
386,渡辺陽菜,158,475,190.27399455215507
387,銘苅亨太,174,78,25.762980578676178
388,簑手美沙絵,157,55,22.313278429145196
389,濱田英里,167,48,17.21108680841909
390,高間淳平,170,58,20.06920415224914
391,大見洋太,165,54,19.834710743801654
392,森川侑美,164,47,17.474717430101133
393,紺谷凪乃,156,46,18.902038132807363
394,越中優人,174,65,21.469150482230148
395,石井菫,156,43,17.66929651545036
396,尾ノ上彩花,161,54,20.832529609197174
397,日野七乃葉,160,47,18.359374999999996
398,森山真衣,155,53,22.060353798126947
399,高橋沙織,161,49,18.90359168241966
400,赤阪侑子,149,46,20.7197873969641
401,竹本真之,162,52,19.81405273586343
402,和泉大輔,170,58,20.06920415224914
403,神谷ゆう子,165,45,16.528925619834713
404,田口万莉,153,43,18.369003374770386
405,きのせひかる,157,43,17.444926771877153
406,池町さとみ,150,37,16.444444444444443
407,上田愛,160,45,17.578124999999996
408,駒居美輪,159,44,17.404374826945133
409,中井善朗,174,87,28.735632183908045
410,野村洋希,180,62,19.1358024691358
411,高阪勝之,165,66,24.242424242424246
412,神藤恭平,171,62,21.20310522895934
413,小野島徹,168,58,20.549886621315196
414,餅田コシヒカリ,149,83,37.3857033466961
415,ヒコロヒー,165,55,20.202020202020204
416,みなみかわ,181,74,22.587833094227893
417,中山晴華,155,43,17.898022892819977
418,松山歩夢,173,62,20.715693808680545
419,吉川一勝,179,73,22.783308885490467
420,安部紀克,169,53,18.556773222226116
421,薄幸,160,50,19.531249999999996
422,諫早幸作,180,65,20.061728395061728
423,山口ともこ,1565,55,0.2245608304667803
424,北澤響,157,43,17.444926771877153
425,松谷優輝,180,70,21.604938271604937
426,藤田真澄,171,56,19.15119181970521
427,田中さち恵,166,48,17.419073885905068
428,寺町有美子,160,49,19.140624999999996
429,吉田英成,178,101,31.877288221184195
430,古賀ありさ,152,43,18.611495844875346
431,藤好捺子,169,54,18.906901018871892
432,村井崇記,175,72,23.510204081632654
433,八木拓海,181,65,19.840664204389366
434,新村優希,158,48,19.227687870533565
435,佐久間祥朗,178,58,18.30576947355132
436,篠原初実,162,45,17.146776406035663
437,佐藤玲羅,160,52,20.312499999999996
438,佐々木春香,169,59,20.65754000210077
439,向井日菜海,164,48,17.846519928613922
440,飯山湧一郎,174,60,19.817677368212443
441,SATOYA,168,45,15.94387755102041
442,阿諏訪泰義,170,54,18.68512110726644
443,桑地ひかり,153,42,17.941817249775728
444,高橋紗妃,152,39,16.880193905817176
445,とよだ恭兵,180,64,19.753086419753085
446,下嶋兄,170,68,23.529411764705884
447,松村こりさ,157,48,19.473406629072173
448,尾上瑞季,156,48,19.72386587771203
449,西田美歩,168,48,17.006802721088437
450,北尾亘,159,52,20.56880661366243
451,板垣菜津美,169,48,16.806134238997235
452,久保晴奈,153,49,20.932120124738347
453,福居惇平,180,68,20.98765432098765
454,麻生千恵,164,52,19.333729922665082
455,秋谷翔音,167,54,19.362472659471475
456,平埜生成,173,64,21.383941996057334
457,川崎太一,173,64,21.383941996057334
458,石井亜早実,150,39,17.333333333333332
459,平岡亮,170,64,22.145328719723185
460,椿ここ,161,45,17.360441340997646
461,漆沢渉,171,61,20.86111966075032
462,井上翔,1635,53,0.19826239841390078
463,村松雄斗,172,70,23.661438615467823
464,斉藤美友季,157,52,21.096190514828187
465,ゴエモン,175,73,23.836734693877553
466,新谷賢太郎,172,65,21.971335857220122
467,中嶋千夏,158,69,27.639801313892
468,中村斗哉,180,67,20.679012345679013
469,鈴木祐介,162,62,23.624447492760247
470,ちなてい,158,50,20.028841531805796
471,早川知里,162,58,22.10028959000152
472,片岡丈,181,70,21.36686914318855
473,明星真菜美,157,52,21.096190514828187
474,寺戸郁人,178,61,19.252619618735007
475,若杉凩,156,38,15.61472715318869
476,澤根エイジアグレース,162,46,17.527815881725342
477,エリソン悠佑,178,65,20.515086478979924
478,中野太一,176,68,21.952479338842977
479,鳥居留圭,172,51,17.239048134126556
480,いろじろ武蔵,167,70,25.099501595611173
481,鏡蘭丸,173,63,21.04981790236894
482,北見,189,80,22.395789591556788
483,たッぴーおか,170,125,43.25259515570935
484,島村和秀,182,85,25.661152034778407
485,大倉杏菜,161,53,20.446742023841672
486,たつみげんき,171,63,21.545090797168363
487,上村ルリ,154,41,17.28790689829651
488,大塚護,178,64,20.199469763918696
489,池之上頼嗣,172,58,19.60519199567334
490,池田怜央,172,65,21.971335857220122
491,林夏香,152,41,17.74584487534626
492,飯田寅義,179,61,19.038107424861895
493,北川知奈,150,42,18.666666666666668
494,黒田陽介,168,55,19.48696145124717
495,馬塲由貴,165,52,19.100091827364558
496,滝沢花野,164,56,20.820939916716245
497,本郷颯,158,45,18.02595737862522
498,星あかり,163,50,18.818924310286427
499,智順,169,51,17.856517628934565
500,福田えり,165,49,17.99816345270891
501,SHIN WONHO,185,66,19.284149013878743
502,名村辰,173,54,18.042701059173375
503,牛嶋沙幸,152,55,23.80540166204986
504,植田雅,159,47,18.59103674696412
505,江井櫻子,171,50,17.09927841045108
506,鈴森レイ,169,49,17.15626203564301
507,太田雫,159,33,13.053281120208851
508,森田健斗,176,57,18.401342975206614
509,希星武,182,93,28.076319285110493
510,迫宏樹,172,80,27.041644131963228
511,光里悠,160,51,19.921874999999996
512,篠田裕介,165,55,20.202020202020204
513,佐藤絢,163,56,21.077195227520797
514,田中佑香,163,55,20.70081674131507
515,勝見茜,151,53,23.244594535327398
516,石野真弓,155,43,17.898022892819977
517,佐藤匠,183,60,17.916330735465376
518,秦優,175,85,27.755102040816325
519,笠松祐介,178,65,20.515086478979924
520,西村一輝,171,63,21.545090797168363
521,泰山未帆,159,50,19.77769866698311
522,大石彩未,158,51,20.429418362441915
523,山城立桜,160,53,20.703124999999996
524,長坂一哲,164,55,20.449137418203453
525,鷹木信悟,178,100,31.561671506122963
526,成海花音,162,50,19.05197378448407
527,細谷枝里佳,153,44,18.79618949976505
528,岡野翔也,175,65,21.224489795918366
529,友野翔太,178,62,19.568236333796236
530,伊藤奨,173,62,20.715693808680545
531,TAKUYA,188,68,19.23947487550928
532,涼原あす菜,153,38,16.23307274979709
533,桐谷力矢,165,75,27.548209366391188
534,宇田友音,175,67,21.877551020408163
535,葦月久子,161,47,18.132016511708652
536,若林元太,164,55,20.449137418203453
537,縣豪紀,181,58,17.70397729007051
538,サノライブ,183,85,25.381468541909282
539,小倉功,183,65,19.409358296754156
540,須田晶紀子,159,42,16.61326688026581
541,原直子,151,40,17.543090215341433
542,汐川ほたて,150,40,17.77777777777778
543,荻野千尋,170,55,19.031141868512112
544,夏八木映美子,166,50,18.144868631151112
545,梅田優作,165,58,21.30394857667585
546,小川哲也,174,60,19.817677368212443
547,三嶌風雅,172,55,18.591130340724717
548,熊木陸斗,180,68,20.98765432098765
549,三遊亭とむ,166,58,21.04804761213529
550,若狭燈,182,62,18.717546190073662
551,澤田ジャスティン,171,62,21.20310522895934
552,たちばなつむぎ,157,45,18.25631871475516
553,WoW キツネザル,170,59,20.41522491349481
554,白川雄也,171,68,23.25501863821347
555,辛島菜摘,153,40,17.087444999786406
556,内藤えみ,159,42,16.61326688026581
557,豊田陽平,185,79,23.08254200146092
558,新谷真由子,165,53,19.467401285583104
559,宮崎優里,165,49,17.99816345270891
560,岡田直輝,180,67,20.679012345679013
561,後藤智香,172,58,19.60519199567334
562,福丸敦子,153,42,17.941817249775728
563,小澤シェイン,153,43,18.369003374770386
564,水樹和也,167,58,20.796729893506402
565,Yes!アキト,163,82,30.863035868869737
566,小出あかり,152,40,17.31301939058172
567,平岡大樹,172,95,32.11195240670633
568,ヒガ2000,1745,58,0.19047462664510142
569,天翔天音,165,40,14.692378328741967
570,柳川るい,180,62,19.1358024691358
571,佐久間あゆみ,155,45,18.730489073881373
572,北園紫音,170,51,17.647058823529413
573,藤岡真威人,180,55,16.975308641975307
574,奥村皐暉,176,60,19.369834710743802
575,中島礼貴,180,65,20.061728395061728
576,田中麻奈未,160,48,18.749999999999996
577,桜樹舞都,166,53,19.233560749020178
578,影山怜雄,164,54,20.077334919690664
579,和樹詩,169,53,18.556773222226116
580,釈鴻大,168,60,21.258503401360546
581,昌信無双,167,75,26.89232313815483
582,濱岡仁美,153,48,20.504933999743688
583,合谷和弘,170,76,26.29757785467128
584,高田柊,172,65,21.971335857220122
585,田村優,181,92,28.082170873904946
586,宮本誉之,170,60,20.761245674740486
587,明石陸,181,62,18.924941241109856
588,二ノ宮隆太郎,162,58,22.10028959000152
589,山時聡真,171,48,16.415307274033037
590,しんいち,168,62,21.9671201814059
591,八福☆みずほ,163,102,38.39060559298431
592,高柳明音,154,42,17.70956316410862
593,宮崎佑介,186,92,26.59266967279454
594,遊屋慎太郎,178,62,19.568236333796236
595,FUJIKIN,183,87,25.97867956642479
596,磯部由美子,153,46,19.650561749754367
597,阿部大地,169,55,19.257028815517668
598,水野花梨,163,46,17.31341036546351
599,木村文子,168,53,18.77834467120182
600,黒田マサミ,155,41,17.065556711758582
601,田渕真弓,158,445,178.2566896330716
602,広瀬和,151,65,28.507521599929827
603,望月真理子,162,50,19.05197378448407
604,樽田泰宏,185,76,22.205989773557338
605,三浦諒,175,56,18.285714285714285
606,梨元陽葵,160,52,20.312499999999996
607,星名はるか,156,56,23.011176857330703
608,落合撤,180,70,21.604938271604937
609,加藤和将,180,67,20.679012345679013
610,桑原良太,163,50,18.818924310286427
611,近藤瑞希,170,67,23.18339100346021
612,笹井達規,170,60,20.761245674740486
613,白倉裕人,179,83,25.90431010268094
614,樋山雄作,183,74,22.096807907073963
615,秋田奈帆子,151,45,19.735976492259113
616,優志,168,55,19.48696145124717
617,高田誠,184,80,23.629489603024574
618,藤田もか,160,45,17.578124999999996
619,落合司,163,45,16.937031879257784
620,高橋結希,157,54,21.907582457706194
621,モロヘイヤ三上,175,65,21.224489795918366
622,赤松怜音,1585,48,0.19106568878185673
623,植木美加理,160,47,18.359374999999996
624,西岡葉月,157,57,23.124670372023203
625,岡本景子,162,56,21.338210638622158
626,川合夏実,164,59,21.936347412254616
627,田下愉香,158,50,20.028841531805796
628,moco,160,50,19.531249999999996
629,山口翼,172,62,20.9572742022715
630,エリザベス・マリー,155,43,17.898022892819977
631,嶋崎裕道,173,63,21.04981790236894
632,杉崎なお,157,31,12.576575114609112
633,二見颯一,176,58,18.72417355371901
634,佐藤俊作,174,69,22.79032897344431
635,浅井浩介,178,64,20.199469763918696
636,飯作雄太郎,191,87,23.84803048162057
637,山田輝,175,62,20.244897959183675
638,前田隆太朗,173,63,21.04981790236894
639,多田菜摘,151,40,17.543090215341433
640,小野翔平,182,60,18.11375437749064
641,宮沢汐織,153,40,17.087444999786406
642,悦永舞,156,44,18.080210387902692
643,匠吾,173,53,17.70857696548498
644,藤枝優希,166,60,21.773842357381334
645,渡辺一平,193,83,22.28247738194314
646,扇国遼,174,62,20.478266613819528
647,まえさかチャンネル,168,55,19.48696145124717
648,相澤和也,173,66,22.052190183434128
649,里中将道,179,65,20.286507911738084
650,滝本圭,173,54,18.042701059173375
651,山下晃季,182,69,20.830817534114235
652,高橋卓士,172,63,21.29529475392104
653,西塚郁哉,173,62,20.715693808680545
654,聖矢,174,59,19.487382745408905
655,浦口琉,155,39,16.23309053069719
656,天音里菜,157,39,15.82214288612114
657,竹内亮太,178,65,20.515086478979924
658,加賀翔,174,61,20.147971991015986
659,賀屋壮也,178,78,24.61810377477591
660,押しだしましょう子,148,37,16.89189189189189
661,小室祐平,178,65,20.515086478979924
662,井上百合子,158,47,18.82711103989745
663,大谷優衣,154,42,17.70956316410862
664,清水一雅子,150,40,17.77777777777778
665,為房大輔,169,62,21.707923392038097
666,真白るか,156,46,18.902038132807363
667,中溝碧,170,54,18.68512110726644
668,吉村沙羅,148,43,19.631117604090576
669,松岡さとみ,159,46,18.19548277362446
670,熊野晋也,170,58,20.06920415224914
671,福田優,180,67,20.679012345679013
672,畑中実,163,54,20.32443825510934
673,植田敬仁,169,58,20.307412205454995
674,小池敏之,168,62,21.9671201814059
675,若園尚哉,178,70,22.093170054286073
676,平井友梨,162,48,18.289894833104707
677,浜名健匠,181,75,22.89307408198773
678,橋津宏次郎,1775,64,0.20313429875024797
679,鈴木翠,158,54,21.63114885435026
680,今中越也,165,52,19.100091827364558
681,鈴木媛女,160,49,19.140624999999996
682,村上誠基,171,75,25.64891761567662
683,細田英里,157,46,18.662014686194166
684,ありもとひとみ,160,48,18.749999999999996
685,木村恭介,164,60,22.308149910767405
686,TAMAGO,146,62,29.08613248264215
687,城美うら,160,48,18.749999999999996
688,阪田智靖,172,67,22.647376960519203
689,荒波翔,178,78,24.61810377477591
690,熊谷めぐみ,167,50,17.92821542543655
691,矢崎和哉,175,108,35.265306122448976
692,立花香織,151,43,18.85882198149204
693,脇坂晴菜,162,65,24.76756591982929
694,NAOみちのく,178,63,19.883853048857468
695,風間晋之介,170,60,20.761245674740486
696,森下竣平,186,75,21.678806798473808
697,松橋純子,163,51,19.195302796492154
698,東虎之丞,183,74,22.096807907073963
699,青木ちか,154,42,17.70956316410862
700,奥村隆生,190,70,19.390581717451525
701,青柳信孝,176,67,21.62964876033058
702,咲良,172,54,18.25310978907518
703,実紀,163,50,18.818924310286427
704,山本裕典,180,64,19.753086419753085
705,黒田勇樹,171,62,21.20310522895934
706,下山真佑郎,178,65,20.515086478979924
707,宇乃徹,180,67,20.679012345679013
708,小池祐貴,173,73,24.3910588392529
709,虎太郎,172,59,19.94321254732288
710,藤田子竜,166,51,18.507766003774133
711,秦野隆光,174,63,20.808561236623067
712,坪井保菜美,170,48,16.60899653979239
713,玉川賢吾,173,56,18.710949246550168
714,前川侑那,168,117,41.454081632653065
715,宮崎菜々子,155,46,19.14672216441207
716,小田原徹,174,74,24.441802087462015
717,田中光輔,176,65,20.983987603305785
718,大村真佑,168,55,19.48696145124717
719,齋藤かなこ,163,46,17.31341036546351
720,中野文馨,177,69,22.024322512687924
721,永吉幸一郎,175,64,20.897959183673468
722,石川翔,176,58,18.72417355371901
723,土屋桜,167,51,18.286779733945284
724,DEEP YUICHIRO,1725,68,0.22852341944969545
725,DEEP KEISEI,173,68,22.720438370810918
726,小原友太,172,70,23.661438615467823
727,坂口拓弥,178,73,23.04002019946976
728,坂下拓郎,190,69,19.113573407202217
729,須藤夢斗,178,80,25.24933720489837
730,武政直也,185,68,19.86851716581446
731,木村昌丈,185,100,29.218407596785973
732,飯塚智基,180,60,18.51851851851852
733,瑚崎まい,157,44,17.85062274331616
734,新野七瀬,160,45,17.578124999999996
735,青木萌奈美,155,31,12.903225806451612
736,十河大地,173,67,22.386314277122523
737,山口詩菜,156,45,18.49112426035503
738,DEEP TAKA,175,70,22.857142857142858
739,堀丞,175,55,17.959183673469386
740,滝澤諒,174,60,19.817677368212443
741,田川景一,169,55,19.257028815517668
742,上石菜月,154,47,19.81784449316917
743,松木円宏,164,53,19.705532421177875
744,ひょろし,170,59,20.41522491349481
745,まんゆう,187,66,18.873859704309528
746,御子柴彩里,160,45,17.578124999999996
747,大大大輔,185,78,22.79035792549306
748,藤本海咲,158,44,17.625380547989103
749,松本卓也,170,58,20.06920415224914
750,廣岡実夢,166,485,176.0052257221658
751,中島萌望,155,49,20.39542143600416
752,菊地樹美,1635,53,0.19826239841390078
753,唯藤絵舞,159,44,17.404374826945133
754,落合知也,195,85,22.353714661406972
755,一條麗,1555,395,1.6335645826656051
756,石川紗由,150,344,152.88888888888889
757,豊島由佳梨,165,50,18.36547291092746
758,祥享,173,53,17.70857696548498
759,膝小僧お仕置きストしんぺー,175,67,21.877551020408163
760,志摩マキ,165,45,16.528925619834713
761,黒岩司,168,58,20.549886621315196
762,徳山秀典,178,65,20.515086478979924
763,平塚千瑛,168,52,18.42403628117914
764,岩寺かな,164,46,17.102914931588344
765,鮫島れおな,159,44,17.404374826945133
766,松尾こはる,160,49,19.140624999999996
767,美羽,156,46,18.902038132807363
768,野中初音,156,55,22.600262984878366
769,櫻木良美,162,48,18.289894833104707
770,寺田結美,170,51,17.647058823529413
771,多胡梢,151,47,20.613131003026183
772,もっくん,1779,120,0.379165967579414
773,石森太二,163,75,28.228386465429637
774,環みほ,157,47,19.067710657633167
775,山口めろん,160,435,169.92187499999997
776,梶原みなみ,153,41,17.51463112478107
777,小橋秀行,177,62,19.789970953429727
778,竹田哲朗,178,69,21.777553339224845
779,神谷康太,177,67,21.38593635289987
780,寺井一択,175,70,22.857142857142858
781,伊藤佳徳,173,60,20.04744562130375
782,きんぐまさき,162,95,36.19875019051973
783,きゅーぴぃゆうき,171,85,29.06877329776684
784,小川雄気,171,59,20.177148524332274
785,鈴木智加寿,176,66,21.306818181818183
786,宮元英光,186,66,19.07734998265695
787,伊藤航,176,62,20.015495867768596
788,秋江一,183,63,18.812147272238644
789,千原有紀也,162,80,30.48315805517451
790,神山拓也,170,78,26.989619377162633
791,直田姫奈,153,40,17.087444999786406
792,坂本伎邑洵,162,51,19.43301326017375
793,川口雅子,162,52,19.81405273586343
794,小倉聖矢,170,90,31.14186851211073
795,たねだりんと,178,60,18.93700290367378
796,島根颯,166,61,22.136739730004358
797,千葉麻央,161,50,19.28937926777516
798,小倉和子,159,51,20.17325264032277
799,高山マリ,147,41,18.97357582488778
800,原田佳奈,154,50,21.0828132906055
801,間宮雄大,174,62,20.478266613819528
802,樋川ルミ,165,45,16.528925619834713
803,原田和真,170,61,21.107266435986162
804,川島唯,155,54,22.476586888657646
805,千夏,162,54,20.576131687242793
806,藤井達也,177,57,18.194005553959588
807,神野紗瑛子,165,53,19.467401285583104
808,神澤直也,170,60,20.761245674740486
809,半澤昇,1825,68,0.20416588478138487
810,藤田朋花,1546,468,1.9580639600755778
811,松本裕子,157,55,22.313278429145196
812,小西塁,180,66,20.37037037037037
813,生鷹天,171,53,18.125235115078144
814,佐野いずみ,169,49,17.15626203564301
815,忍足洸武,1709,624,2.1364880313872003
816,緒方若葉,160,48,18.749999999999996
817,大箸ゆめの,152,47,20.342797783933516
818,鈴木崇太,147,43,19.899116109028647
819,小林由宇,178,82,25.88057063502083
820,渡邊将,1775,66,0.20948224558619322
821,江上真奈,158,60,24.034609838166958
822,山川晃平,169,62,21.707923392038097
823,藤田賢司朗,175,65,21.224489795918366
824,ZANE,180,95,29.320987654320987
825,KEi,172,56,18.92915089237426
826,中川健,162,63,24.005486968449926
827,救仁郷将志,180,63,19.444444444444443
828,朝比パメラ,160,40,15.624999999999996
829,坂之下洸祐,177,60,19.15158479364167
830,蒼島えいすけ,170,62,21.453287197231838
831,小島なつみ,154,40,16.866250632484398
832,中能史繁,176,68,21.952479338842977
833,有咲りん,160,46,17.968749999999996
834,大井梨華子,157,47,19.067710657633167
835,三浦沙織,158,46,18.426534209261334
836,梅津瑞樹,175,65,21.224489795918366
837,貝瀬裕,181,67,20.45114617990904
838,沢竜,173,67,22.386314277122523
839,和泉紗江,162,45,17.146776406035663
840,松本亮,182,83,25.057360222195385
841,小島あやめ,154,47,19.81784449316917
842,石川ユリコ,164,53,19.705532421177875
843,友岡靖雅,176,63,20.33832644628099
844,庄司悠希,153,45,19.223375624759708
845,清水透湖,165,59,21.6712580348944
846,木原ゆい,157,72,29.21010994360826
847,萩原謙太,169,65,22.758306781975424
848,坂本佳乃子,156,44,18.080210387902692
849,黒住尚生,169,63,22.058051188683873
850,安田ユウ,169,60,21.007667798746546
851,カニササレアヤコ,164,53,19.705532421177875
852,村民代表南川,178,66,20.830703194041156
853,加島ちかえ,160,44,17.187499999999996
854,和田慶史朗,169,56,19.607156612163443
855,菜月,157,43,17.444926771877153
856,佐藤恵一,176,90,29.054752066115704
857,小川蓮,169,67,23.458562375266975
858,菊地歩,153,48,20.504933999743688
859,紺崎真紀,178,80,25.24933720489837
860,山川大貴,1765,88,0.2824836087281016
861,神田青,176,65,20.983987603305785
862,伊藤真央,171,57,19.493177387914233
863,増田怜雄,153,51,21.78649237472767
864,近藤ちかみち,174,61,20.147971991015986
865,筒井こーへー,158,60,24.034609838166958
866,渡辺裕史,180,67,20.679012345679013
867,島崎晋之介,170,53,18.339100346020764
868,岩崎若葉,148,38,17.348429510591675
869,早坂香莉愛,163,495,186.30735067183562
870,だいのひびき,176,55,17.75568181818182
871,田中宏宜,180,67,20.679012345679013
872,羽田優里奈,168,50,17.71541950113379
873,田中葵,151,44,19.297399236875574
874,大村わたる,179,59,18.413907181423802
875,ひろたかたかひろ,172,56,18.92915089237426
876,宇野由菜,163,44,16.560653393052053
877,林美澄,155,43,17.898022892819977
878,小林諒音,163,40,15.05513944822914
879,武市佳久,171,55,18.80920625149619
880,新正俊,174,53,17.50561500858766
881,近藤美鈴,164,46,17.102914931588344
882,若林龍太郎,183,75,22.395413419331717
883,仲星奈,151,41,17.981667470724968
884,加賀凪,159,44,17.404374826945133
885,鈴木朝代,155,46,19.14672216441207
886,上西郷太,177,65,20.747550193111813
887,田中隆雅,176,69,22.275309917355372
888,平山トオル,175,64,20.897959183673468
889,朝日奈藍,155,46,19.14672216441207
890,増岡大介,164,52,19.333729922665082
891,向井匠篤,158,44,17.625380547989103
892,キングダム中野,180,78,24.074074074074073
893,中島貴史,177,105,33.51527338887293
894,江森拓仁,175,60,19.591836734693878
895,藤岡正明,171,62,21.20310522895934
896,桑原ハルト,176,67,21.62964876033058
897,廣田遥,156,56,23.011176857330703
898,湯川尚樹,173,59,19.713321527615356
899,小堀正博,172,65,21.971335857220122
900,犬塚あさな,153,49,20.932120124738347
901,中村愛,152,45,19.47714681440443
902,松浦唯,164,50,18.590124925639504
903,南千尋,165,55,20.202020202020204
904,増田璃生,174,52,17.17532038578412
905,真丸,177,72,22.981901752370007
906,津田昌太朗,178,65,20.515086478979924
907,平山咲彩,147,44,20.36188625109908
908,森口幸音,154,42,17.70956316410862
909,井上翔太,178,54,17.043302613306402
910,荒木英里,152,45,19.47714681440443
911,村上ユウタ,171,61,20.86111966075032
912,河野瑠衣香,149,45,20.269357236160534
913,若林拓也,180,58,17.901234567901234
914,石井喜光,167,491,176.05507547778694
915,板垣果那,150,48,21.333333333333332
916,男澤理紗,144,36,17.36111111111111
917,鈴木健太郎,173,63,21.04981790236894
918,塩谷南,171,58,19.835162956123252
919,大西遥,161,55,21.218317194552675
920,藤木力,175,66,21.551020408163264
921,大西美沙希,154,49,20.66115702479339
922,内山翔太,168,715,253.3304988662132
923,荒川玲和,150,40,17.77777777777778
924,須釜柊人,163,56,21.077195227520797
925,吉田龍星,162,60,22.86236854138088
926,坂田舞香,1726,53,0.17790751226219134
927,桐宮玲香,157,40,16.227838857560144
928,並木優子,161,56,21.60410477990818
929,藤絹代,158,53,21.230572023714146
930,三本和佳奈,150,48,21.333333333333332
931,石原綾乃,158,41,16.423650056080753
932,田澤さやか,155,51,21.227887617065555
933,吉盛俊平,167,65,23.306680053067517
934,咲良,145,30,14.26872770511296
935,ほしのディスコ,166,55,19.959355494266223
936,茶谷健太,165,58,21.30394857667585
937,瀧川雅士,175,58,18.93877551020408
938,哀川まこと,170,58,20.06920415224914
939,杉田翔,168,58,20.549886621315196
940,山根太地,173,60,20.04744562130375
941,平莉枝,164,50,18.590124925639504
942,青砥凌汰,176,65,20.983987603305785
943,ZEN,174,65,21.469150482230148
944,高坂篤志,171,55,18.80920625149619
945,赤間翔太,187,63,18.015956990477278
946,渡邊りょう,184,75,22.152646502835537
947,米村和洋,165,52,19.100091827364558
948,細井龍,173,60,20.04744562130375
949,小日向星一,165,52,19.100091827364558
950,熊乃美杏,1652,66,0.2418376141033834
951,泰道明日香,159,47,18.59103674696412
952,松永浩瑛,173,60,20.04744562130375
953,綾部リサ,156,46,18.902038132807363
954,岡本智礼,180,74,22.839506172839506
955,侑子,160,49,19.140624999999996
956,近藤貴郁,165,96,35.26170798898072
957,三澤杏奈,165,46,16.896235078053262
958,飯阪翔,170,56,19.377162629757787
959,加藤梨里香,156,43,17.66929651545036
960,永山絢斗,177,59,18.832391713747644
961,妃白ゆあ,160,46,17.968749999999996
962,RENA,160,50,19.531249999999996
963,有末麻祐子,166,43,15.604587022789955
964,中野裕太,181,69,21.06162815542871
965,元木聖也,172,62,20.9572742022715
966,栗原ジャスティーン,170,60,20.761245674740486
967,川島洋一,176,61,19.692665289256198
968,湊未来,159,48,18.986590720303784
969,吉田夢乃,160,45,17.578124999999996
970,溝口明日花,1577,48,0.19300912892969604
971,松井悠,167,63,22.589551436050055
972,伊沢拓司,170,63,21.79930795847751
973,草薙航基,165,58,21.30394857667585
974,宮下兼史鷹,168,61,21.612811791383223
975,66,168,68,24.092970521541954
976,田野井陽菜,160,40,15.624999999999996
977,安田啓人,180,63,19.444444444444443
978,田中怜子,161,48,18.517804097064154
979,鶴巻聖美,170,60,20.761245674740486
980,上野哲太郎,176,55,17.75568181818182
981,上野神楽,144,37,17.843364197530864
982,岩政大樹,187,83,23.735308416025617
983,岸天智,184,65,19.198960302457465
984,武田知大,173,63,21.04981790236894
985,根岸唯,158,48,19.227687870533565
986,結喜,159,53,20.964360587002094
987,小野知春,164,53,19.705532421177875
988,当来庵,177,63,20.109164033323754
989,大西けんけん,181,65,19.840664204389366
990,小川オペラ,150,37,16.444444444444443
991,菅原孝仁,178,62,19.568236333796236
992,山本絢子,154,40,16.866250632484398
993,本橋ゆうみ,163,47,17.68978885166924
994,大幡しえり,161,45,17.360441340997646
995,佐藤みなみ,155,48,19.979188345473464
996,君沢ユウキ,181,74,22.587833094227893
997,中嶋春陽,165,52,19.100091827364558
998,高尾勇次,170,55,19.031141868512112
999,北川義彦,175,60,19.591836734693878
1000,白勢未生,149,41,18.467636592946263
1001,木村都貴,168,57,20.19557823129252
1002,渡辺光,174,59,19.487382745408905
1003,持田唯颯,153,39,16.660258874791747
1004,田中穂先,180,61,18.827160493827158
1005,楢原嵩琉,164,43,15.987507436049974
1006,澤山華凛,154,37,15.60128183504807
1007,島田裕仁,163,43,16.184274906846326
1008,西條妃華,146,385,180.61550009382626
1009,相馬毬花,1565,45,0.18373158856372934
1010,石井麻土香,161,45,17.360441340997646
1011,笠居祐花,155,43,17.898022892819977
1012,水島麻理奈,166,95,34.47525039918711
1013,中条ひとみ,159,47,18.59103674696412
1014,玲香,164,52,19.333729922665082
1015,ミネオショウ,170,57,19.723183391003463
1016,時艦DATE,155,43,17.898022892819977
1017,五十嵐小夏,162,45,17.146776406035663
1018,藤野大輝,150,35,15.555555555555555
1019,滝川光,158,90,36.05191475725044
1020,児玉夏穂哩,150,44,19.555555555555557
1021,川上七帆,149,50,22.52150804017837
1022,安達李咲,161,72,27.776706145596233
1023,関屋智絵理,154,45,18.974531961544947
1024,成枝夕璃阿,151,44,19.297399236875574
1025,松田夏歩,155,46,19.14672216441207
1026,宮脇妃有,158,45,18.02595737862522
1027,山口ルツコ,177,60,19.15158479364167
1028,細川優里香,159,56,22.151022507021082
1029,清水尚弥,173,50,16.70620468441979
1030,達淳一,167,64,22.948115744558788
1031,鈴木龍之介,169,64,22.40817898532965
1032,Kazoo,179,75,23.40750912892856
1033,安藤慶一,180,67,20.679012345679013
1034,杉本健太,174,63,20.808561236623067
1035,森亜沙奈,160,45,17.578124999999996
1036,小比類巻諒介,172,63,21.29529475392104
1037,神子彩,148,49,22.37034331628926
1038,間瀬翔太,164,70,26.026174895895306
1039,石井貴浩,161,58,22.375679950619187
1040,上地大星,175,60,19.591836734693878
1041,合田篤慶,172,61,20.61925365062196
1042,須藤誠,164,58,21.564544913741823
1043,青木愛美,162,50,19.05197378448407
1044,中山雄喜,175,59,19.26530612244898
1045,冨永さくら,153,42,17.941817249775728
1046,宮城夏鈴,167,47,16.85252249991036
1047,丸山龍星,182,60,18.11375437749064
1048,向有美,166,48,17.419073885905068
1049,奥本智海,163,49,18.442545824080696
1050,山口遥,148,40,18.261504747991236
1051,佐藤秋,181,55,16.788254326791
1052,東大ヤンキー澤山,172,60,20.281233098972418
1053,野田涼太,164,52,19.333729922665082
1054,坂本竜也,175,65,21.224489795918366
1055,太田誠,162,50,19.05197378448407
1056,薮本直之,171,54,18.467220683287167
1057,遊馬萌弥,164,46,17.102914931588344
1058,田村芽実,165,45,16.528925619834713
1059,関谷真由,154,46,19.396188227357058
1060,中島権人,178,62,19.568236333796236
1061,松本佳奈,155,48,19.979188345473464
1062,佐藤風花,159,50,19.77769866698311
1063,平岡沙絵,160,40,15.624999999999996
1064,濱本めぐみ,154,39,16.444594366672288
1065,浮田かれん,142,32,15.869867089863122
1066,松下こうめ,143,365,178.4928358354932
1067,高木志穂子,158,479,191.87630187469955
1068,飯塚麻結,153,45,19.223375624759708
1069,山崎康晃,177,83,26.493025631204315
1070,四浦麻希,154,42,17.70956316410862
1071,北村由海,151,45,19.735976492259113
1072,古川藍,160,46,17.968749999999996
1073,西川莉子,165,51,18.73278236914601
1074,上村ゆきえ,165,60,22.03856749311295
1075,ロバート・フェイガン,187,86,24.59321112985787
1076,小笠原彩,162,53,20.195092211553114
1077,藤廣果歩,157,50,20.28479857195018
1078,三谷千季,157,47,19.067710657633167
1079,矢野叶梨,165,53,19.467401285583104
1080,藤川航,165,80,29.384756657483933
1081,近藤美亜,170,53,18.339100346020764
1082,大川永,1548,50,0.2086546615120619
1083,井原和哉,175,89,29.06122448979592
1084,田中由衣,160,46,17.968749999999996
1085,向谷地愛,160,56,21.874999999999996
1086,大山杏菜,157,48,19.473406629072173
1087,近藤萌音,160,55,21.484374999999996
1088,澤田美紀,163,48,18.06616733787497
1089,杉尾優香,162,515,196.2353299801859
1090,樹初音,158,50,20.028841531805796
1091,徳岡明,153,42,17.941817249775728
1092,成観礼,162,62,23.624447492760247
1093,刀根友香,1555,47,0.19437350730451505
1094,富松真子,158,57,22.832879346258608
1095,望月卓哉,168,58,20.549886621315196
1096,大浴ちひろ,154,47,19.81784449316917
1097,鈴木彩子,157,50,20.28479857195018
1098,田中愛実,153,39,16.660258874791747
1099,吉村健洋,178,64,20.199469763918696
1100,加藤木風舞,165,58,21.30394857667585
1101,福間美里,152,50,21.641274238227147
1102,山脇明日香,170,56,19.377162629757787
1103,東城由依,162,52,19.81405273586343
1104,千大翼,164,53,19.705532421177875
1105,千大佑,163,50,18.818924310286427
1106,輝山立,165,53,19.467401285583104
1107,ボブ・マーサム,168,65,23.030045351473927
1108,村角ダイチ,175,61,19.918367346938776
1109,満腹満,187,130,37.17578426606422
1110,福島伊織,173,80,26.729927495071667
1111,ヒロウエノ,172,57,19.2671714440238
1112,鈴木和史,161,57,21.98989236526368
1113,鈴木美緒,164,93,34.577632361689474
1114,中尾周統,174,70,23.120623596247853
1115,久保葵,172,55,18.591130340724717
1116,松並俊介,162,45,17.146776406035663
1117,永井良,181,64,19.53542321662953
1118,向井悠悟,168,50,17.71541950113379
1119,平尾亮,171,67,22.91303307000445
1120,数藤まみ,160,43,16.796874999999996
1121,EIKICHI,175,67,21.877551020408163
1122,荒木栄人,166,58,21.04804761213529
1123,大西沙紀,155,42,17.48178980228928
1124,白石るりか,155,49,20.39542143600416
1125,片桐美穂,164,67,24.910767400356935
1126,間宮康弘,1735,102,0.33884510294081005
1127,後藤光祐,172,87,29.40778799351001
1128,あべそういち,170,67,23.18339100346021
1129,長谷川俊介,162,90,34.293552812071326
1130,春菜,160,46,17.968749999999996
1131,高橋美幸,158,44,17.625380547989103
1132,中嶋野乃,152,43,18.611495844875346
1133,中西良介,172,64,21.63331530557058
1134,土屋神葉,168,60,21.258503401360546
1135,上田堪大,179,62,19.350207546580943
1136,平原多香子,163,45,16.937031879257784
1137,五十嵐千尋,160,55,21.484374999999996
1138,杉本晃輔,178,120,37.87400580734756
1139,悠木絢,176,60,19.369834710743802
1140,島田桃依,153,57,24.34960912469563
1141,YOH,1715,85,0.288995231578679
1142,SHO,173,93,31.073540713020815
1143,坂東龍汰,175,58,18.93877551020408
1144,野見山拳太,172,55,18.591130340724717
1145,あじの純,160,49,19.140624999999996
1146,岡田龍太郎,172,60,20.281233098972418
1147,SANADA,182,100,30.189590629151066
1148,高橋ヒロム,171,88,30.094730002393902
1149,葉月小陽,156,42,17.258382642998026
1150,飛鳥,173,57,19.045073340238563
1151,永田祐樹,178,132,41.66140638808231
1152,松村桜李,165,54,19.834710743801654
1153,木村咲哉,168,54,19.13265306122449
1154,南真由,158,47,18.82711103989745
1155,松田祐司,181,82,25.029760996306585
1156,室岡佑哉,171,58,19.835162956123252
1157,馬渡絢子,160,50,19.531249999999996
1158,秋場悠里,152,40,17.31301939058172
1159,若草,167,50,17.92821542543655
1160,ハレルヤ緒方,175,70,22.857142857142858
1161,中村悠平,177,73,23.301094832264035
1162,井上喜介,170,58,20.06920415224914
1163,森本ゆうこ,160,43,16.796874999999996
1164,高橋愛羅,158,55,22.031725684986377
1165,瓜生真之助,172,56,18.92915089237426
1166,新井結香,161,51,19.675166853130666
1167,奈里子,164,49,18.218322427126715
1168,川上兼司,180,62,19.1358024691358
1169,阪本亘,168,52,18.42403628117914
1170,木坂哲平,172,60,20.281233098972418
1171,飯沼博貴,180,95,29.320987654320987
1172,宇野慎太郎,159,50,19.77769866698311
1173,中田和伸,185,68,19.86851716581446
1174,佑☆紀,168,60,21.258503401360546
1175,美咲,159,46,18.19548277362446
1176,阿國元気,179,67,20.91070815517618
1177,未来和樹,158,43,17.224803717352987
1178,伊藤重弥,183,84,25.082863029651524
1179,赤羽根玲花,162,47,17.908855357415025
1180,田中佑弥,183,68,20.305174833527424
1181,三浦徹也,171,65,22.229061933586404
1182,今泉玲太,167,61,21.872422819032593
1183,新井將,190,76,21.05263157894737
1184,名嘉眞旭,175,67,21.877551020408163
1185,和田明日香,157,50,20.28479857195018
1186,江口信,175,80,26.122448979591837
1187,はしもとめい,153,55,23.49523687470631
1188,秋谷柊弥,174,57,18.826793499801823
1189,佐藤亜沙美,152,42,18.178670360110804
1190,浅野拓武,161,45,17.360441340997646
1191,谷口ゆうな,164,90,33.462224866151104
1192,YOSHI,172,69,23.323418063818284
1193,一岡瑞希,147,40,18.510805682817345
1194,佐久間麻由,157,43,17.444926771877153
1195,今村洋一,173,63,21.04981790236894
1196,大平香奈,156,47,19.312952005259696
1197,岡本健太郎,167,64,22.948115744558788
1198,海老根理,169,63,22.058051188683873
1199,佐々木ゆき,168,48,17.006802721088437
1200,菅沼岳,170,73,25.25951557093426
1201,木戸大聖,173,57,19.045073340238563
1202,大和哲也,170,63,21.79930795847751
1203,本多スイミングスクール,169,62,21.707923392038097
1204,なるかわ,172,64,21.63331530557058
1205,吉田吏志,159,50,19.77769866698311
1206,根矢涼香,158,44,17.625380547989103
1207,本間淳志,180,72,22.22222222222222
1208,堀春菜,160,46,17.968749999999996
1209,クロエ潤,170,41,14.186851211072666
1210,中将タカノリ,171,57,19.493177387914233
1211,渡邉美和,1637,44,0.16419325695610326
1212,大薮丘,170,57,19.723183391003463
1213,倖田彩榎,164,45,16.731112433075552
1214,苗村大祐,171,56,19.15119181970521
1215,森莉那,150,40,17.77777777777778
1216,映介,176,65,20.983987603305785
1217,臼井千晶,158,40,16.023073225444637
1218,城山紗菜,160,41,16.015624999999996
1219,石井愛乃,158,70,28.040378144528116
1220,咲坂海帆,162,50,19.05197378448407
1221,深月信之介,175,72,23.510204081632654
1222,矢島名月,170,50,17.301038062283737
1223,木内太郎,182,120,36.22750875498128
1224,伊藤節生,165,57,20.936639118457304
1225,佐々木義人,171,65,22.229061933586404
1226,山植久美加,162,49,18.670934308794386
1227,豊岡咲貴,155,45,18.730489073881373
1228,矢島愛弥,164,52,19.333729922665082
1229,深澤嵐,170,57,19.723183391003463
1230,古河耕史,176,62,20.015495867768596
1231,ハッピーマックスみしま,175,65,21.224489795918366
1232,野村龍之介,170,75,25.95155709342561
1233,早坂望美,160,45,17.578124999999996
1234,ポンコッツ杉野,172,72,24.337479718766904
1235,りゅうCHANCE,164,67,24.910767400356935
1236,三遊亭遊子,174,62,20.478266613819528
1237,伊藤裕一,178,63,19.883853048857468
1238,いしいまい,161,49,18.90359168241966
1239,大澤和音,159,48,18.986590720303784
1240,三嶋悠莉,159,44,17.404374826945133
1241,長谷川瑞己,174,65,21.469150482230148
1242,浅田光,160,47,18.359374999999996
1243,落合由佳,155,43,17.898022892819977
1244,稲葉真悠実,168,56,19.841269841269845
1245,小多田直樹,176,62,20.015495867768596
1246,神蔵祐太,170,72,24.913494809688583
1247,関口滉人,170,55,19.031141868512112
1248,新山はるの,161,45,17.360441340997646
1249,須澤紀信,172,72,24.337479718766904
1250,原勇弥,155,44,18.314255983350673
1251,五十嵐小夏,157,45,18.25631871475516
1252,星井花心,162,46,17.527815881725342
1253,矢上竜誠,178,67,21.146319909102385
1254,毎熊克哉,180,64,19.753086419753085
1255,真貝勇太郎,167,65,23.306680053067517
1256,松川貴則,180,73,22.530864197530864
1257,Tmy,178,64,20.199469763918696
1258,美月ひな,153,45,19.223375624759708
1259,恵理加,158,48,19.227687870533565
1260,松本陸,176,60,19.369834710743802
1261,綾波珀,174,54,17.8359096313912
1262,三冨宝,158,41,16.423650056080753
1263,澄人,181,115,35.102713592381185
1264,佐々木孝恵,168,76,26.92743764172336
1265,佐藤宏次朗,167,55,19.721036967980208
1266,山崎智史,153,50,21.35930624973301
1267,加藤幹夫,180,70,21.604938271604937
1268,小松渓太,167,56,20.07960127648894
1269,福井成明,175,86,28.081632653061224
1270,小柳まこ,156,44,18.080210387902692
1271,澤原莉,153,48,20.504933999743688
1272,山崎詩織,159,47,18.59103674696412
1273,小久保恵梨奈,156,56,23.011176857330703
1274,鬼ヶ原優,173,58,19.37919743392696
1275,こしみずよしき,168,73,25.86451247165533
1276,小此木麻里,148,38,17.348429510591675
1277,岩崎孝次,180,65,20.061728395061728
1278,春可直子,154,45,18.974531961544947
1279,大山真絵子,167,50,17.92821542543655
1280,加藤小夏,164,42,15.615704937537183
1281,小川真央,145,31,14.74435196195006
1282,大村なのは,160,39,15.234374999999996
1283,歸山竜成,148,37,16.89189189189189
1284,林芽亜里,165,43,15.794306703397615
1285,山本みき,128,26,15.869140625
1286,夢屋まさる,175,57,18.612244897959183
1287,真愛,162,47,17.908855357415025
1288,豊川智大,175,67,21.877551020408163
1289,野中貫多,171,59,20.177148524332274
1290,颯木乃逢,157,52,21.096190514828187
1291,古波倉要,180,70,21.604938271604937
1292,昌赫,182,68,20.528921627822726
1293,鈴木すぅー,163,48,18.06616733787497
1294,池田和樹,177,62,19.789970953429727
1295,ねりお弘晃,171,59,20.177148524332274
1296,藤本涼,185,70,20.45288531775018
1297,逢澤みちる,164,46,17.102914931588344
1298,末岡いずみ,152,43,18.611495844875346
1299,松長ゆり子,158,44,17.625380547989103
1300,真中乃亜,168,53,18.77834467120182
1301,泉水はるめ,163,49,18.442545824080696
1302,小島ひでたか,176,63,20.33832644628099
1303,赤坂けーいち。,171,90,30.778701138811947
1304,竹内朋子,158,51,20.429418362441915
1305,しおり,168,475,168.296485260771
1306,瀬口えりな,163,47,17.68978885166924
1307,藤咲衣梨奈,162,45,17.146776406035663
1308,近藤美鈴,164,45,16.731112433075552
1309,塚本明里,165,45,16.528925619834713
1310,磯部天眞,150,40,17.77777777777778
1311,河村豊,166,58,21.04804761213529
1312,藤村真優,151,39,17.104512959957898
1313,飯田あさと,173,57,19.045073340238563
1314,中尾ちひろ,160,46,17.968749999999996
1315,ニルベース齋藤,183,120,35.83266147093075
1316,吉成浩一,172,66,22.30935640886966
1317,西園みすず,158,49,19.62826470116968
1318,中根百合香,165,49,17.99816345270891
1319,マギー直樹,164,46,17.102914931588344
1320,葉山昴,170,56,19.377162629757787
1321,大西統眞,142,34,16.861733782979567
1322,石上まひな,155,42,17.48178980228928
1323,石上ひなの,144,26,12.53858024691358
1324,小林弥生,158,40,16.023073225444637
1325,野田真実,1498,38,0.16934016160398999
1326,阿部光浩,1655,83,0.3030275371710736
1327,やながせゆっこ,158,43,17.224803717352987
1328,田中こなつ,160,42,16.406249999999996
1329,木下綾菜,162,42,16.00365797896662
1330,上脇結友,157,42,17.03923080043815
1331,川瀬遼太,186,72,20.811654526534856
1332,西村有加,160,48,18.749999999999996
1333,新原聖生,148,37,16.89189189189189
1334,辺田友文,181,74,22.587833094227893
1335,加藤萌朝,165,48,17.63085399449036
1336,サンシャイン池崎,172,60,20.281233098972418
1337,森山あすか,153,58,24.77679524969029
1338,中村涼子,161,47,18.132016511708652
1339,バッドナイス常田,180,60,18.51851851851852
1340,田中美空,166,30,10.886921178690667
1341,小林優太,180,56,17.28395061728395
1342,桂佑輔,184,81,23.92485822306238
1343,鎌田大祐,172,62,20.9572742022715
1344,岩城滉太,171,57,19.493177387914233
1345,天馬桜子,158,52,20.82999519307803
1346,正木碧,155,40,16.649323621227886
1347,日下麻彩,168,56,19.841269841269845
1348,井上咲楽,151,43,18.85882198149204
1349,Rety鈴木,163,48,18.06616733787497
1350,小出優子,160,50,19.531249999999996
1351,加藤夏海,156,46,18.902038132807363
1352,徳原恵梨,163,49,18.442545824080696
1353,河野健二,163,53,19.94805976890361
1354,亀井悠介,170,87,30.103806228373706
1355,吉本恒生,182,65,19.623233908948194
1356,橘美樹,162,49,18.670934308794386
1357,世古峻佑,170,52,17.99307958477509
1358,近藤栞,152,45,19.47714681440443
1359,西真莉恵,167,52,18.645344042454013
1360,伊田臣弥,1785,107,0.3358206027509042
1361,新上貴美,157,46,18.662014686194166
1362,平田舞,158,48,19.227687870533565
1363,富田育世,165,50,18.36547291092746
1364,飯岡円香,164,49,18.218322427126715
1365,大木佐和子,163,46,17.31341036546351
1366,杉山朱里,152,47,20.342797783933516
1367,守殿愛生,157,45,18.25631871475516
1368,山口実香,156,46,18.902038132807363
1369,澤井里依,150,42,18.666666666666668
1370,涼宮菜月,150,42,18.666666666666668
1371,吉川亜樹,168,48,17.006802721088437
1372,藤原茉央,160,45,17.578124999999996
1373,綾切拓也,178,60,18.93700290367378
1374,唯花,149,39,17.56677627133913
1375,渡部大稀,160,46,17.968749999999996
1376,角野友紀,160,49,19.140624999999996
1377,甲斐翔真,185,68,19.86851716581446
1378,CP4N,180,63,19.444444444444443
1379,齋藤ひさし,169,60,21.007667798746546
1380,春本由香,165,51,18.73278236914601
1381,小林格之,179,57,17.789706937985706
1382,妹尾ゆかり,162,46,17.527815881725342
1383,森優作,169,56,19.607156612163443
1384,かごしま太郎,174,64,21.13885585942661
1385,大西美季,164,45,16.731112433075552
1386,高橋里恩,183,58,17.319119710949863
1387,R1NA,152,43,18.611495844875346
1388,Coco,161,46,17.746228926353147
1389,まゆちむ,154,45,18.974531961544947
1390,かなえ,160,38,14.843749999999996
1391,NONz,162,45,17.146776406035663
1392,一誠,125,22,14.08
1393,橘秀明,178,70,22.093170054286073
1394,染谷俊之,175,59,19.26530612244898
1395,佐藤楓恋,156,39,16.025641025641026
1396,立崇なおと,170,55,19.031141868512112
1397,高本聖也,162,52,19.81405273586343
1398,奈美原萌子,154,49,20.66115702479339
1399,伊藤洳,158,52,20.82999519307803
1400,勝沼明日架,1594,53,0.2085927623821451
1401,粟國愛鈴,161,70,27.005130974885226
1402,小平伸一郎,175,59,19.26530612244898
1403,葉月美沙子,165,49,17.99816345270891
1404,スニョン,157,50,20.28479857195018
1405,高田美羽,152,45,19.47714681440443
1406,永峰遙,160,52,20.312499999999996
1407,福浦麻子,161,56,21.60410477990818
1408,高尾優美,161,49,18.90359168241966
1409,山下カオリ,164,53,19.705532421177875
1410,清水美輝,1582,49,0.19578667084344897
1411,小林ひな実,162,47,17.908855357415025
1412,纐纈羅紗,1545,335,1.4034205758213676
1413,青山光太,176,62,20.015495867768596
1414,黒岩拓朗,173,63,21.04981790236894
1415,吉高聡,1865,82,0.23575243119694678
1416,古堂たや,171,66,22.571047501795427
1417,長島菜々子,157,41,16.633534828999146
1418,加藤千佳,166,50,18.144868631151112
1419,翔平,176,63,20.33832644628099
1420,富永勇也,183,64,19.1107527844964
1421,一洸,186,72,20.811654526534856
1422,神田穣,177,68,21.705129432793896
1423,石原寛子,157,48,19.473406629072173
1424,橋本朋江,159,50,19.77769866698311
1425,中村祐志,182,70,21.132713440405748
1426,伊丹あい子,164,51,18.961927424152293
1427,田熊ゆの,134,22,12.252171975941188
1428,戸田ひかる,129,23,13.82128477855898
1429,汐谷文康,171,60,20.519134092541297
1430,濱田綾佳,146,50,23.45655845374367
1431,永田崇人,167,54,19.362472659471475
1432,杉原更紗,154,43,18.13121942992073
1433,風間暖希,140,285,145.40816326530614
1434,生田拓馬,170,58,20.06920415224914
1435,村松和茉,185,68,19.86851716581446
1436,齋藤健心,175,64,20.897959183673468
1437,猪瀬青史,170,57,19.723183391003463
1438,平尾菜々花,150,24,10.666666666666666
1439,山口美里,151,57,24.998903556861542
1440,橋本憲,1599,579,2.2645485510995966
1441,岸明日香,154,48,20.23950075898128
1442,伊藤マサミ,1685,58,0.20428109783479642
1443,NAO-G,178,63,19.883853048857468
1444,後上翔太,179,68,21.22280827689523
1445,中野慧治,174,56,18.49649887699828
1446,伊藤正樹,167,62,22.230987127541326
1447,平岡卓,170,60,20.761245674740486
1448,宮下実季,164,75,27.885187388459254
1449,駒形亘昭,160,54,21.093749999999996
1450,中村歌昇,170,62,21.453287197231838
1451,菊地創,172,60,20.281233098972418
1452,小野賢章,170,50,17.301038062283737
1453,柏原優美,163,48,18.06616733787497
1454,吉村優花,1645,47,0.17368649587494575
1455,AKANE Joy,161,45,17.360441340997646
1456,中澤明日香,163,48,18.06616733787497
1457,高梨将,182,60,18.11375437749064
1458,堀畑俊介,183,65,19.409358296754156
1459,仁後亜由美,158,58,23.233456176894723
1460,森海哉,174,48,15.854141894569956
1461,中田圭祐,182,57,17.208066658616108
1462,小島久人,165,62,22.77318640955005
1463,山本アーセン,169,66,23.1084345786212
1464,桜井理衣,160,42,16.406249999999996
1465,松崎亮,180,97,29.93827160493827
1466,河本将巳,170,64,22.145328719723185
1467,市川和也,175,56,18.285714285714285
1468,夏川秀之,176,56,18.078512396694215
1469,山根仁琥雷,144,43,20.736882716049383
1470,吉田薫,160,49,19.140624999999996
1471,中村鶴松,165,53,19.467401285583104
1472,古賀正男,172,60,20.281233098972418
1473,北郷良,170,68,23.529411764705884
1474,佐藤心寧,150,31,13.777777777777779
1475,浦川拓海,170,56,19.377162629757787
1476,山崎光,163,31,11.667733072377583
1477,鶴田雄大,159,48,18.986590720303784
1478,今井えり,166,47,17.056176513282043
1479,木三原さくら,168,48,17.006802721088437
1480,小川夏果,160,43,16.796874999999996
1481,林光哲,180,66,20.37037037037037
1482,織田ゆかり,158,45,18.02595737862522
1483,高橋佑奈,156,45,18.49112426035503
1484,着崎花梨,161,475,183.24910304386404
1485,花井円香,151,43,18.85882198149204
1486,マーシュ彩,161,42,16.203078584931134
1487,琴子,157,46,18.662014686194166
1488,老藤晃一,173,62,20.715693808680545
1489,興津聖,183,67,20.00656932126967
1490,杉本泰郷,171,68,23.25501863821347
1491,小林涼,187,65,18.58789213303211
1492,青木空夢,177,68,21.705129432793896
1493,渦巻DATE,170,59,20.41522491349481
1494,松原大貴,170,56,19.377162629757787
1495,小島ことり,167,80,28.685144680698485
1496,吉村奈恵,162,48,18.289894833104707
1497,大曽根敬大,168,52,18.42403628117914
1498,飯山裕太,177,55,17.555619394171533
1499,大見拓土,164,52,19.333729922665082
1500,YOCCHI,173,60,20.04744562130375
1501,奥山ピーウィー,175,50,16.3265306122449
1502,結城伽寿也,173,58,19.37919743392696
1503,西條裕美,156,43,17.66929651545036
1504,森谷勇太,174,67,22.12973972783723
1505,真木ちはる,1505,40,0.17659849229037206
1506,板垣まゆ,166,52,18.870663376397157
1507,川口えりな,155,45,18.730489073881373
1508,堀口幸恵,158,47,18.82711103989745
1509,谷澤翼,184,63,18.608223062381853
1510,宮本青依,156,40,16.43655489809336
1511,高田宏樹,175,70,22.857142857142858
1512,宮下なつみ,161,44,16.97465375564214
1513,加藤弘晃,168,53,18.77834467120182
1514,森下敏弘,178,68,21.461936624163616
1515,松永優香,170,48,16.60899653979239
1516,佐川由稀奈,165,55,20.202020202020204
1517,三宅右矩,178,69,21.777553339224845
1518,芳川つかさ,163,45,16.937031879257784
1519,華子,161,48,18.517804097064154
1520,村上奈津実,152,377,163.17520775623268
1521,田中博士,171,62,21.20310522895934
1522,磯野ユウキ,171,64,21.887076365377382
1523,渡馬之介,174,65,21.469150482230148
1524,鈴木有史,178,75,23.671253629592222
1525,鈴木仁,183,62,18.513541759980885
1526,新島あゆ美,170,50,17.301038062283737
1527,松田陸,175,60,19.591836734693878
1528,横山将大,165,58,21.30394857667585
1529,澤田南,162,40,15.241579027587255
1530,ミズモトカナコ,161,47,18.132016511708652
1531,八幡みゆき,155,44,18.314255983350673
1532,高木公佑,173,62,20.715693808680545
1533,辻貴大,176,65,20.983987603305785
1534,古賀友樹,167,54,19.362472659471475
1535,村井成仁,175,63,20.571428571428573
1536,三浦海里,178,51,16.09645246812271
1537,山村麻由美,155,47,19.562955254942764
1538,江添皓三郎,175,60,19.591836734693878
1539,長嶋真由,157,45,18.25631871475516
1540,宇田彩花,172,49,16.563007030827475
1541,中島幸一,170,70,24.221453287197235
1542,ウエスギみらい,155,48,19.979188345473464
1543,佐藤輝,174,68,22.460034350640772
1544,三好心,163,45,16.937031879257784
1545,吉田尚弘,178,70,22.093170054286073
1546,王琳,165,50,18.36547291092746
1547,三丘翔太,158,49,19.62826470116968
1548,本間祐貴,183,105,31.353578787064404
1549,BUSHI,172,83,28.055705786911847
1550,YOSHI-HASHI,180,102,31.48148148148148
1551,オカダ・カズチカ,191,107,29.33033633946438
1552,内藤哲也,180,102,31.48148148148148
1553,乾壽也,175,69,22.53061224489796
1554,浜中雄平商店,171,69,23.59700420642249
1555,参川剛史,182,67,20.227025721531216
1556,横山達夫,175,62,20.244897959183675
1557,石毛美帆,161,47,18.132016511708652
1558,櫻井圭佑,178,57,17.99015275849009
1559,犬飼直紀,167,48,17.21108680841909
1560,上野優華,159,44,17.404374826945133
1561,飯伏幸太,181,93,28.387411861664784
1562,西村裕慶,172,67,22.647376960519203
1563,大島夏紀,157,58,23.53036634346221
1564,久保田武人,167,55,19.721036967980208
1565,足立区の島崎,174,70,23.120623596247853
1566,田中沙季,155,51,21.227887617065555
1567,馬場玲乃,163,49,18.442545824080696
1568,西川可奈子,163,47,17.68978885166924
1569,落丸紗矢,155,39,16.23309053069719
1570,志尊淳,178,58,18.30576947355132
1571,森山晶之,170,55,19.031141868512112
1572,山田元,181,67,20.45114617990904
1573,植村友結,162,31,11.812223746380123
1574,永田レイナ,172,48,16.224986479177936
1575,鈴木大裕,176,65,20.983987603305785
1576,望月亮佑,176,54,17.43285123966942
1577,山崎紘昇,176,60,19.369834710743802
1578,不動たける,182,63,19.01944209636517
1579,拝真之介,170,92,31.83391003460208
1580,仁村紗和,164,45,16.731112433075552
1581,越智ゆらの,161,44,16.97465375564214
1582,岩瀬恒輝,182,68,20.528921627822726
1583,小林ゆい,155,44,18.314255983350673
1584,山城玲奈,150,50,22.22222222222222
1585,田口真美,153,42,17.941817249775728
1586,竹村晋太朗,173,80,26.729927495071667
1587,大塚宣幸,174,60,19.817677368212443
1588,田中亨,172,55,18.591130340724717
1589,納谷健,163,53,19.94805976890361
1590,鐘ヶ江洸,175,63,20.571428571428573
1591,和久井優,166,48,17.419073885905068
1592,山下聖良,164,48,17.846519928613922
1593,お見送り芸人しんいち,176,67,21.62964876033058
1594,三浦修平,172,62,20.9572742022715
1595,大橋繭子,152,42,18.178670360110804
1596,野上絵理,157,47,19.067710657633167
1597,佐藤葵,170,62,21.453287197231838
1598,成田曜,160,46,17.968749999999996
1599,豊嶋さおり,153,445,190.0978256226238
1600,石井凌,165,53,19.467401285583104
1601,加藤めい,139,275,142.33217742352883
1602,阿部ここは,164,42,15.615704937537183
1603,稲垣碧,156,52,21.367521367521366
1604,白金翔太,171,70,23.938989774631512
1605,日野祥太,180,68,20.98765432098765
1606,鳥居功太郎,175,62,20.244897959183675
1607,牧島輝,177,60,19.15158479364167
1608,坂本晃,167,53,19.003908350962746
1609,原田翔平,175,70,22.857142857142858
1610,久井正樹,159,52,20.56880661366243
1611,久保田紗友,158,43,17.224803717352987
1612,FISHBOY,171,63,21.545090797168363
1613,天野朋子,164,49,18.218322427126715
1614,吉本考志,172,65,21.971335857220122
1615,佐藤流司,172,57,19.2671714440238
1616,石堂友香,156,42,17.258382642998026
1617,太田将熙,178,60,18.93700290367378
1618,石崎なつみ,156,48,19.72386587771203
1619,砂田桃子,162,45,17.146776406035663
1620,上原理生,183,75,22.395413419331717
1621,横山賀三,150,39,17.333333333333332
1622,竜星涼,183,60,17.916330735465376
1623,真木恵未,166,45,16.330381768036002
1624,前山剛久,172,55,18.591130340724717
1625,生島勇輝,177,68,21.705129432793896
1626,谷手人,153,70,29.903028749626213
1627,寺田浩子,1685,53,0.1866706583662795
1628,宮本エリアナ,173,49,16.372080590731397
1629,星崎柑那,162,43,16.384697454656298
1630,I LOVE U＠あいり,158,48,19.227687870533565
1631,三上真史,177,60,19.15158479364167
1632,山口翔悟,174,61,20.147971991015986
1633,瀬戸康史,174,52,17.17532038578412
1634,河野竜平,175,68,22.20408163265306
1635,四元理菜,162,47,17.908855357415025
1636,柴内康寛,164,54,20.077334919690664
1637,井田由依香,160,44,17.187499999999996
1638,小早川俊輔,175,65,21.224489795918366
1639,桐島ココ,159,46,18.19548277362446
1640,夏川あざみ,159,53,20.964360587002094
1641,謝花弘規,179,68,21.22280827689523
1642,中谷仁美,150,40,17.77777777777778
1643,北村諒,170,53,18.339100346020764
1644,高塚智人,174,52,17.17532038578412
1645,賀谷安里紗,154,46,19.396188227357058
1646,西本銀二郎,172,53,17.915089237425637
1647,小野恭平,178,60,18.93700290367378
1648,渋川あかね,153,64,27.339911999658252
1649,村田匡也,183,61,18.21493624772313
1650,奥原さやか,162,50,19.05197378448407
1651,奈良平愛実,163,48,18.06616733787497
1652,佐藤聖之,178,61,19.252619618735007
1653,阿紋太郎,180,110,33.95061728395061
1654,伊藤龍太郎,173,67,22.386314277122523
1655,綺藍,151,36,15.788781193807289
1656,石田祐子,160,46,17.968749999999996
1657,長谷部成彦,174,63,20.808561236623067
1658,上村渓子,171,51,17.441263978660103
1659,宮崎さや,150,37,16.444444444444443
1660,大川春菜,152,38,16.44736842105263
1661,福山康平,165,58,21.30394857667585
1662,久積篤史,172,58,19.60519199567334
1663,JIM,170,65,22.49134948096886
1664,Fuku,170,57,19.723183391003463
1665,ARO,179,65,20.286507911738084
1666,守谷勇人,176,60,19.369834710743802
1667,白石隼也,175,62,20.244897959183675
1668,北村沙羅,153,40,17.087444999786406
1669,廣瀬大介,176,57,18.401342975206614
1670,荒田悠良,152,39,16.880193905817176
1671,山田秀人,171,78,26.674874320303687
1672,青木泰宏,174,71,23.450918219051392
1673,野田幸宏,175,78,25.46938775510204
1674,小林裕介,164,55,20.449137418203453
1675,江刺家伸雄,177,70,22.34351559258195
1676,杉江優篤,178,68,21.461936624163616
1677,相川葵,157,49,19.879102600511175
1678,中西美帆,163,45,16.937031879257784
1679,青柳弘太,181,73,22.282592106468055
1680,柳井麗亜,168,54,19.13265306122449
1681,内村遥,178,60,18.93700290367378
1682,山岸門人,174,63,20.808561236623067
1683,木ノ下藤吉,174,67,22.12973972783723
1684,田島ケンタ,172,60,20.281233098972418
1685,大地伸永,180,62,19.1358024691358
1686,七瀬公,180,65,20.061728395061728
1687,森日菜美,163,43,16.184274906846326
1688,井上雄太,182,66,19.925129815239703
1689,東岡亜美,157,50,20.28479857195018
1690,寺井竜哉,176,63,20.33832644628099
1691,横山瑞華,166,52,18.870663376397157
1692,福島寿実子,152,45,19.47714681440443
1693,玉木雅士,182,63,19.01944209636517
1694,長尾卓磨,182,65,19.623233908948194
1695,石原奈津美,161,47,18.132016511708652
1696,瑛良,163,54,20.32443825510934
1697,雨宮あさひ,157,53,21.50188648626719
1698,犬吠埼にゃん,153,46,19.650561749754367
1699,鈴木千琴,148,42,19.174579985390796
1700,高梨直人,174,72,23.781212841854934
1701,太田駿平,170,78,26.989619377162633
1702,仲村唯可,156,53,21.7784352399737
1703,TABARU,158,50,20.028841531805796
1704,七美あずさ,165,52,19.100091827364558
1705,石崎竜史,169,63,22.058051188683873
1706,青木大地,158,50,20.028841531805796
1707,るる氏,165,47,17.263544536271812
1708,奥田圭悟,184,72,21.266540642722116
1709,梛木美佳,160,52,20.312499999999996
1710,今井康揮,173,53,17.70857696548498
1711,小池まり,168,50,17.71541950113379
1712,江崎葉奈,155,45,18.730489073881373
1713,桜井未来,165,45,16.528925619834713
1714,中山大輔,176,66,21.306818181818183
1715,村上貴亮,172,57,19.2671714440238
1716,南川泰規,177,63,20.109164033323754
1717,田中涼星,186,65,18.78829922534397
1718,鳴戸瑶姫,155,39,16.23309053069719
1719,三木くるみ,161,49,18.90359168241966
1720,佐々木カズヒロ,165,65,23.875114784205696
1721,福谷圭祐,180,62,19.1358024691358
1722,尾崎冴子,155,44,18.314255983350673
1723,伊藤隼斗,165,44,16.161616161616163
1724,杉山明徳,186,82,23.702162099664697
1725,周藤萌,158,45,18.02595737862522
1726,井上優吏,134,29,16.150590331922473
1727,及川洸,175,65,21.224489795918366
1728,池澤あやか,162,45,17.146776406035663
1729,管勇毅,181,72,21.97735111870822
1730,石澤彩美,156,42,17.258382642998026
1731,谷水力,174,57,18.826793499801823
1732,神野知紀,180,101,31.17283950617284
1733,平野宏周,182,70,21.132713440405748
1734,吉沢ともえ,163,50,18.818924310286427
1735,川島大典,162,65,24.76756591982929
1736,山崎祐馬,158,40,16.023073225444637
1737,今若玲奈,151,40,17.543090215341433
1738,堀友美,160,48,18.749999999999996
1739,光清堅,180,64,19.753086419753085
1740,狩野翔,175,60,19.591836734693878
1741,東拓海,178,65,20.515086478979924
1742,上島信彦,1826,65,0.19494486959087967
1743,村上恭介,175,61,19.918367346938776
1744,小笠原覚,171,98,33.51458568448412
1745,大村昌弘,187,67,19.159827275586945
1746,新納だい,169,67,23.458562375266975
1747,土居志央梨,168,52,18.42403628117914
1748,太田信吾,174,52,17.17532038578412
1749,増田拓磨,166,63,22.8625344752504
1750,堀田将智,177,68,21.705129432793896
1751,増嶋竜也,180,74,22.839506172839506
1752,中村橋之助,174,72,23.781212841854934
1753,津吹みゆ,154,42,17.70956316410862
1754,ロバート・ウォーターマン,182,130,39.24646781789639
1755,宮田佳奈,155,47,19.562955254942764
1756,黒木真二,183,70,20.902385858042937
1757,速田隆成,188,76,21.50294250792214
1758,小池真護,180,63,19.444444444444443
1759,伊達悠太,171,62,21.20310522895934
1760,濱田真和,178,62,19.568236333796236
1761,ちいぼー,153,40,17.087444999786406
1762,緒方和也,170,51,17.647058823529413
1763,中村勘九郎,174,65,21.469150482230148
1764,中村七之助,174,60,19.817677368212443
1765,岡野陽一,173,70,23.38868655818771
1766,坂川慶成,178,70,22.093170054286073
1767,福崎峻介,174,60,19.817677368212443
1768,杉山宗賢,168,54,19.13265306122449
1769,眞弓葉詩,172,59,19.94321254732288
1770,松浦新,163,55,20.70081674131507
1771,水谷鼓太朗,156,40,16.43655489809336
1772,木山廉彬,174,54,17.8359096313912
1773,美智子,172,48,16.224986479177936
1774,きなり,165,43,15.794306703397615
1775,竹中凌平,170,55,19.031141868512112
1776,中村優一,177,67,21.38593635289987
1777,和知大祐,175,57,18.612244897959183
1778,シゲル,177,63,20.109164033323754
1779,福原冠,178,60,18.93700290367378
1780,明野響香,154,44,18.55287569573284
1781,志賀龍美,180,60,18.51851851851852
1782,宮島三郎,177,58,18.513198633853616
1783,竜二,186,78,22.54595907041276
1784,丸山栞,164,49,18.218322427126715
1785,薄平広樹,170,59,20.41522491349481
1786,山本由夏,168,52,18.42403628117914
1787,サムライ・マサ,170,58,20.06920415224914
1788,中園真弥,184,68,20.085066162570886
1789,木村つかさ,160,48,18.749999999999996
1790,金子大地,179,60,18.726007303142847
1791,八木美樹,156,25,10.27284681130835
1792,阿部翔平,180,67,20.679012345679013
1793,佐々木友里,168,49,17.361111111111114
1794,羽田野啓輔,180,68,20.98765432098765
1795,新谷ゆづみ,157,43,17.444926771877153
1796,辻伊吹,180,65,20.061728395061728
1797,住松侑佳,155,43,17.898022892819977
1798,斉藤健,175,67,21.877551020408163
1799,伴秀光,166,80,29.03178980984178
1800,矢作マサル,174,62,20.478266613819528
1801,夏みつな,160,52,20.312499999999996
1802,勝木一彦,180,67,20.679012345679013
1803,むらさきしゅう,175,67,21.877551020408163
1804,佐藤和太,156,55,22.600262984878366
1805,戸上龍太郎,173,68,22.720438370810918
1806,鈴木晃司,173,68,22.720438370810918
1807,中木志穂,163,60,22.582709172343712
1808,一條こま,150,45,20.0
1809,亜紗美,162,52,19.81405273586343
1810,井阪郁巳,182,60,18.11375437749064
1811,田中久也,167,58,20.796729893506402
1812,加賀谷崇文,182,81,24.453568409612362
1813,永井将貴,165,69,25.344352617079892
1814,あんどうさくら,159,55,21.75546853368142
1815,関泰子,153,52,22.21367849972233
1816,箱田好子,150,40,17.77777777777778
1817,京地達哉,164,63,23.423557406305775
1818,小川俊彦,163,53,19.94805976890361
1819,川瀬誠,165,65,23.875114784205696
1820,中林舞,163,51,19.195302796492154
1821,上山竜治,175,67,21.877551020408163
1822,後藤幸子,161,50,19.28937926777516
1823,堀越桃子,161,50,19.28937926777516
1824,西村大輔,172,60,20.281233098972418
1825,若狭愛子,160,52,20.312499999999996
1826,舞山裕子,164,50,18.590124925639504
1827,高木勝也,180,68,20.98765432098765
1828,平田雄也,181,63,19.230182228869694
1829,飯塚帆南,172,51,17.239048134126556
1830,十天童子ドキ彦,182,78,23.54788069073783
1831,池多ユウキ,167,69,24.740937287102444
1832,永塚,177,67,21.38593635289987
1833,らりるRIE,164,46,17.102914931588344
1834,長曽我部夢,144,35,16.878858024691358
1835,川崎真理,160,47,18.359374999999996
1836,田渕法明,165,52,19.100091827364558
1837,佐野代吉,162,50,19.05197378448407
1838,雪菜,155,47,19.562955254942764
1839,宮崎彩花,150,39,17.333333333333332
1840,琴吹ひなた,165,50,18.36547291092746
1841,萩尾圭志,180,64,19.753086419753085
1842,佐賀孔生,173,75,25.05930702662969
1843,柳生拓哉,188,82,23.20054323223178
1844,今村祥佳,162,53,20.195092211553114
1845,川床明日香,159,38,15.031050986907163
1846,柄本時生,176,54,17.43285123966942
1847,田中雄土,171,54,18.467220683287167
1848,みんなのたかみち,185,81,23.66691015339664
1849,大前亮将,177,67,21.38593635289987
1850,近藤頌利,184,74,21.85727788279773
1851,松本新の介,145,31,14.74435196195006
1852,藤代梓,157,57,23.124670372023203
1853,小泉美果,149,42,18.91806675374983
1854,林田悠佑,163,57,21.453573713726524
1855,安田遼平,170,55,19.031141868512112
1856,白山博基,174,63,20.808561236623067
1857,宮田和弥,165,28,10.284664830119377
1858,とんこっちゃん・ふじ子,151,85,37.27906670760054
1859,山西規喜,166,58,21.04804761213529
1860,西本さおり,158,50,20.028841531805796
1861,荒井晃恵,167,61,21.872422819032593
1862,大野みさき,157,47,19.067710657633167
1863,高崎俊吾,180,63,19.444444444444443
1864,伊藤文介,164,51,18.961927424152293
1865,木下賢,183,74,22.096807907073963
1866,稲村幸助,175,72,23.510204081632654
1867,藤井弘平,175,58,18.93877551020408
1868,迫田萌美,159,46,18.19548277362446
1869,中山由紀,1665,56,0.20200380560740924
1870,大政凜,156,46,18.902038132807363
1871,橋本峻,164,38,14.128494943486023
1872,佐藤尚人,166,50,18.144868631151112
1873,寺本一樹,177,68,21.705129432793896
1874,中本えり,147,43,19.899116109028647
1875,アンナ・ミヤ,172,49,16.563007030827475
1876,宗田ちだい,181,67,20.45114617990904
1877,梅原勇輝,174,67,22.12973972783723
1878,大島和也,173,70,23.38868655818771
1879,高木陸,140,23,11.734693877551022
1880,荒田至法,175,65,21.224489795918366
1881,竪山隼太,181,65,19.840664204389366
1882,川合智己,166,53,19.233560749020178
1883,黒田めぐみ,167,43,15.418265265875435
1884,和田奈美佳,165,49,17.99816345270891
1885,大和龍之介,173,60,20.04744562130375
1886,小山圭太,174,69,22.79032897344431
1887,山田裕貴,178,60,18.93700290367378
1888,俺はゴミじゃない,167,62,22.230987127541326
1889,花澤あかり,145,39,18.549346016646847
1890,川崎優作,176,61,19.692665289256198
1891,植田莉奈,148,36,16.43535427319211
1892,黒谷寛子,169,55,19.257028815517668
1893,谷山知宏,172,58,19.60519199567334
1894,内山信二,174,100,33.029462280354075
1895,牧純矢,168,28,9.920634920634923
1896,岡亮,170,50,17.301038062283737
1897,森田想,155,41,17.065556711758582
1898,きづき,155,60,24.97398543184183
1899,山口恋生,135,20,10.973936899862824
1900,三田みらの,157,44,17.85062274331616
1901,古藤望,175,60,19.591836734693878
1902,松原佑次,179,65,20.286507911738084
1903,大畑力也,175,75,24.489795918367346
1904,しのはら実加,156,40,16.43655489809336
1905,北原俊佑,171,58,19.835162956123252
1906,香村和希,175,67,21.877551020408163
1907,坂倉恒太,166,64,23.225431847873423
1908,伊藤雄太,172,58,19.60519199567334
1909,丸山れいや,176,85,27.44059917355372
1910,西本宙樹,166,78,28.305995064595734
1911,村上裕哉,170,78,26.989619377162633
1912,タカマサユキ,171,66,22.571047501795427
1913,坂口苺,147,37,17.122495256606044
1914,橋丘佳典,1845,72,0.21151431026505388
1915,三ノ輪健太郎,170,75,25.95155709342561
1916,ZiNEZ,183,61,18.21493624772313
1917,野坂弘,178,61,19.252619618735007
1918,YOUNG DAIS,177,68,21.705129432793896
1919,伊藤あすか,161,47,18.132016511708652
1920,コーシロー,165,55,20.202020202020204
1921,石倉未悠,145,32,15.219976218787158
1922,三坂賢二郎,169,53,18.556773222226116
1923,山本涼介,185,60,17.531044558071585
1924,永澤恵,157,44,17.85062274331616
1925,しまずい香奈,157,45,18.25631871475516
1926,高橋周平,176,75,24.212293388429753
1927,福田航也,163,60,22.582709172343712
1928,恒松祐里,1585,39,0.15524087213525858
1929,石川新太,171,53,18.125235115078144
1930,松永渚,156,45,18.49112426035503
1931,小池亮介,178,63,19.883853048857468
1932,長田拓郎,186,102,29.48317724592438
1933,高橋光臣,176,64,20.66115702479339
1934,小関裕太,180,62,19.1358024691358
1935,佐野泰臣,178,66,20.830703194041156
1936,三浦圭祐,170,55,19.031141868512112
1937,丸橋祐介,178,73,23.04002019946976
1938,山田大記,173,66,22.052190183434128
1939,小平大智,175,87,28.408163265306122
1940,畑夏実,138,30,15.752993068683052
1941,船崎良,168,60,21.258503401360546
1942,市川和氣,180,69,21.296296296296294
1943,新島光義,170,68,23.529411764705884
1944,諸星敦,174,65,21.469150482230148
1945,水野佑香,154,40,16.866250632484398
1946,吹上かずき,171,59,20.177148524332274
1947,笹和貴,174,65,21.469150482230148
1948,かめ,160,55,21.484374999999996
1949,鈴木文健,181,70,21.36686914318855
1950,大音智海,175,57,18.612244897959183
1951,山口賢人,177,68,21.705129432793896
1952,樋上真郁,177,65,20.747550193111813
1953,佐藤滉太,157,45,18.25631871475516
1954,井上沙香,153,48,20.504933999743688
1955,新屋胡実,153,42,17.941817249775728
1956,東龍美,171,55,18.80920625149619
1957,とんとろとん,160,72,28.124999999999993
1958,古賀瑠,157,26,10.548095257414094
1959,武田訓佳,165,51,18.73278236914601
1960,諒太郎,171,58,19.835162956123252
1961,ANNA,153,52,22.21367849972233
1962,池田朋子,155,38,15.81685744016649
1963,菊池銀河,175,635,207.3469387755102
1964,大高雄一郎,180,72,22.22222222222222
1965,田中光,181,67,20.45114617990904
1966,江口祐貴,168,51,18.069727891156464
